	Unnamed: 0	свой_DET	свой_DET.1	свой_DET.2	свой_DET.3	свой_DET.4	они_PRON	они_PRON.1	они_PRON.2	они_PRON.3	они_PRON.4	он_PRON	он_PRON.1	он_PRON.2	он_PRON.3	он_PRON.4	время_NOUN	время_NOUN.1	время_NOUN.2	время_NOUN.3	время_NOUN.4	человек_NOUN	человек_NOUN.1	человек_NOUN.2	человек_NOUN.3	человек_NOUN.4	очень_ADV	очень_ADV.1	очень_ADV.2	очень_ADV.3	очень_ADV.4	мочь_VERB	мочь_VERB.1	мочь_VERB.2	мочь_VERB.3	мочь_VERB.4	мы_PRON	мы_PRON.1	мы_PRON.2	мы_PRON.3	мы_PRON.4	жизнь_NOUN	жизнь_NOUN.1	жизнь_NOUN.2	жизнь_NOUN.3	жизнь_NOUN.4	знать_VERB	знать_VERB.1	знать_VERB.2	знать_VERB.3	знать_VERB.4	первый_ADJ	первый_ADJ.1	первый_ADJ.2	первый_ADJ.3	первый_ADJ.4	год_NOUN	год_NOUN.1	год_NOUN.2	год_NOUN.3	год_NOUN.4	хороший_ADJ	хороший_ADJ.1	хороший_ADJ.2	хороший_ADJ.3	хороший_ADJ.4	произойти_VERB	произойти_VERB.1	произойти_VERB.2	произойти_VERB.3	произойти_VERB.4	ждать_VERB	ждать_VERB.1	ждать_VERB.2	ждать_VERB.3	ждать_VERB.4	день_NOUN	день_NOUN.1	день_NOUN.2	день_NOUN.3	день_NOUN.4	видеть_VERB	видеть_VERB.1	видеть_VERB.2	видеть_VERB.3	видеть_VERB.4	жить_VERB	жить_VERB.1	жить_VERB.2	жить_VERB.3	жить_VERB.4	ничто_PRON	ничто_PRON.1	ничто_PRON.2	ничто_PRON.3	ничто_PRON.4
	Unnamed: 0	Dim	Pearson C	P-value	Occ	P-Bonferroni	Dim.1	Pearson C.1	P-value.1	Occ.1	P-Bonferroni.1	Dim.2	Pearson C.2	P-value.2	Occ.2	P-Bonferroni.2	Dim.3	Pearson C.3	P-value.3	Occ.3	P-Bonferroni.3	Dim.4	Pearson C.4	P-value.4	Occ.4	P-Bonferroni.4	Dim.5	Pearson C.5	P-value.5	Occ.5	P-Bonferroni.5	Dim.6	Pearson C.6	P-value.6	Occ.6	P-Bonferroni.6	Dim.7	Pearson C.7	P-value.7	Occ.7	P-Bonferroni.7	Dim.8	Pearson C.8	P-value.8	Occ.8	P-Bonferroni.8	Dim.9	Pearson C.9	P-value.9	Occ.9	P-Bonferroni.9	Dim.10	Pearson C.10	P-value.10	Occ.10	P-Bonferroni.10	Dim.11	Pearson C.11	P-value.11	Occ.11	P-Bonferroni.11	Dim.12	Pearson C.12	P-value.12	Occ.12	P-Bonferroni.12	Dim.13	Pearson C.13	P-value.13	Occ.13	P-Bonferroni.13	Dim.14	Pearson C.14	P-value.14	Occ.14	P-Bonferroni.14	Dim.15	Pearson C.15	P-value.15	Occ.15	P-Bonferroni.15	Dim.16	Pearson C.16	P-value.16	Occ.16	P-Bonferroni.16	Dim.17	Pearson C.17	P-value.17	Occ.17	P-Bonferroni.17	Dim.18	Pearson C.18	P-value.18	Occ.18	P-Bonferroni.18
0	0	80_сон-бодрствование	0.13758182995165988	0.03169092774600495	244.0	7.732586370025206	23_мир-конфликт	-0.17595777561907938	0.0162905263292946	186.0	3.0300378972487967	247_радостное_событие_грустное_событие	0.15181233996737034	0.023998518587716983	222.0	5.327671126473171	234_холодное_отношение-тёплое_отношение	-0.12615025370638056	0.029462379594780763	298.0	8.779789119244668	264_безопасность-опасность	-0.2350704991875845	0.006061396379623301	136.0	0.8243499076287689	23_мир-конфликт	-0.13259051821943008	0.010057723520024393	376.0	3.7817040435291713	156_физический_труд-умственный_труд	-0.17684479477590792	0.027212012793946763	156.0	4.245073995855695	205_отдых-рабочий_процесс	-0.1171303176067644	0.015330538957667898	428.0	6.56147067388186	14_изобилие-недостаток	-0.2101957137893765	0.005238957524662383	175.0	0.9168175668159171	172_наука-быт	0.1841830630015084	0.008691012100695622	202	1.7555844443405155	228_народ-власть	-0.20923927199051448	0.03766048085885848	99.0	3.7283876050269895	260_быт-искусство	-0.1683740923513206	0.015810380387622894	206.0	3.2569383598503165	31_интеллект-культура	0.13190206308669025	0.021643979844673044	304.0	6.579769872780607	95_доброта-злость	0.2855481535427639	0.0028695738555114497	107.0	0.3070444025397251	84_последовательность-разлад	0.14712608232749302	0.01460614055641829	276.0	4.0312947935714485	298_очевидный-скрытый	0.16007338900411874	0.025777168164787496	194.0	5.0007706239687755	223_бытовые_ситуации-глобальные_происшествия	-0.2830438845446541	0.0008798070290973158	136.0	0.11965375595723494	90_отдых-напряжение	0.25464581009709103	0.0034587085104913467	131.0	0.4530908148743665	262_серьезность-шутка	0.29362638020865306	0.0031802762461373263	99.0	0.3148473483675953
1	1	84_последовательность-разлад	0.13207147510014006	0.039258472560864704	244.0	9.57906730485099	9_трудности-отсутствие_проблем	0.15228907292747831	0.0379806230191671	186.0	7.06439588156508	65_серьёзность-веселье	0.14281129161717585	0.033846877662832515	222.0	7.51400684114882						151_забытье-сознание	-0.22591045136042784	0.008424042675411842	136.0	1.1456698038560105	213_обозрение-сокрытие	0.13211551688415302	0.010331389555323202	376.0	3.884602472801524	240_осторожность-риск	-0.1697168419036823	0.0341661557941834	156.0	5.32992030389261	51_творческая_реализация - эмоциональное_переживание	0.1084813934592185	0.024810262511326838	428.0	10.618792354847884	204_столкновение-мир	-0.20534753944570425	0.006407993798641092	175.0	1.1213989147621912	237_низшие_слои-высшие_слои	0.15959646562652524	0.023281874646468026	202	4.702938678586541	288_радость-недовольство	-0.20361432187269635	0.0432346759332436	99.0	4.280232917391117	141_микробиология-неопределенная_тема	0.14427683829732998	0.03902630692383817	206.0	8.039419226310661	214_спешка-неторопливость	0.11455324455079033	0.04633402724754986	304.0	14.08554428325516	34_духовное_наслаждение-физическое_наслаждение	0.2552912655028418	0.0079575999260226	107.0	0.8514631920844182	30_стихийное_собрание-мероприятия	0.13960865300937353	0.020560712922413658	276.0	5.674756766586169	96_наука-быт	-0.15256742895229222	0.03369236918675608	194.0	6.53631962223068	111_нежелание-желание	0.20448464427037988	0.017359754804151473	136.0	2.3609266533646003	16_воля-неволя	-0.2372490297629585	0.00657082465899078	131.0	0.8607780303277921	86_доказательство-совпадение	-0.27223099086327873	0.006411677785402217	99.0	0.6347561007548195
2	2											202_отставание-лидерство	-0.14135483837654236	0.03572619548660028	222.0	7.931215398025262						273_жар-холод	0.1796554150516321	0.03707001140512968	136.0	5.041521551097637	145_высказывание-умалчивание	0.1308970021330995	0.01106382938991543	376.0	4.1599998506082025						185_беда-счастье	-0.10533075874119913	0.029347200606431357	428.0	12.56060185955262	259_процесс-итог	-0.18804197591947755	0.012702387991477429	175.0	2.2229178985085496	245_любовь-ненависть	-0.15868106824361802	0.024095924163505627	202	4.867376681028136						83_речь-текст	-0.14301292721676298	0.04079181648622812	206.0	8.403114196162992						205_отдых-рабочий_процесс	0.2382981075745886	0.01344572319204319	107.0	1.4386923815486214	166_порядочность-мошенничество	0.12023720391207117	0.04636460550336185	276.0	12.79663111892787	12_частное-общее	0.14499477679810774	0.043678339016725146	194.0	8.473597769244678	75_действующее_лицо-зритель	0.2012260702609831	0.019268976996347418	136.0	2.620580871503249	234_холодное_отношение-тёплое_отношение	-0.23299459437209924	0.007637033406777031	131.0	1.0004513762877911	92_жизнь-смерть	0.2617462718734473	0.008869065779310858	99.0	0.8780375121517751
3	3											235_процесс-итог	0.13897215609376914	0.038991054404280766	222.0	8.656014077750328											220_власть-наука	-0.12710237376516031	0.013647456165354793	376.0	5.131443518173401						229_закрытие-открытие	-0.10492744073185434	0.029976421589207918	428.0	12.82990844018099	195_болезнь-работа	0.18730206012923706	0.013063894058398343	175.0	2.28618146021971	267_неволя-свобода	-0.15645816115481348	0.02617532839115988	202	5.287416335014296						219_соблюдение_закона-правонарушение	0.14178634967177434	0.042568943280828865	206.0	8.769202315850745						23_мир-конфликт	-0.23147702311561116	0.016441202553766313	107.0	1.7592086732529957											170_спокойствие-суматоха	0.19130288985331376	0.026240140911718318	136.0	3.568659163993692	45_наука-быт	0.2322278593643375	0.007844701151536355	131.0	1.0276558508512623	217_завоевание-бегство	-0.25373870117948505	0.01126967310724369	99.0	1.1156976376171253
4	4											196_неуют-уют	-0.13865948881409482	0.03943760897525074	222.0	8.755149192505664											139_свобода-неволя	-0.1243892363204587	0.015806819842119468	376.0	5.943364260636921						21_получение_результата-разработка	-0.10315373030099503	0.032882562725418465	428.0	14.073736846479106	86_доказательство-совпадение	0.18128329009320066	0.01635508047541663	175.0	2.8621390831979103	70_единство-разрозренность	0.15481666311871448	0.027807995954971076	202	5.6172151829041574																281_домоседство-путешествие	0.2310621233150449	0.01664072752884981	107.0	1.7805578455869295											260_быт-искусство	0.18675103033357413	0.030098544607528005	136.0	4.09340206662381	182_светское_общество-религия	-0.2302118047519026	0.008414783559657763	131.0	1.102336646315167	231_злость-радость	-0.2512822127468252	0.012111917909378758	99.0	1.199079873028497
5	5											80_сон-бодрствование	-0.13779609768155912	0.04069316062130186	222.0	9.033881657929014											291_работа-санкция	0.12005879243722806	0.01987475069846721	376.0	7.472906262623672						272_образование-невежество	0.10223036708486996	0.03448834487583745	428.0	14.76101160685843	242_отдых-работа	0.17755946160250544	0.018734692451983455	175.0	3.2785711790971046	121_несовременность-актуальность	-0.154458467149021	0.028175624190311718	202	5.691476086442968																206_расслабление-напряжение	0.2288243759776399	0.01775337973177776	107.0	1.8996116313002205											13_личные_отношения-иерархические_отношения	0.1832166427839944	0.03341767751938545	136.0	4.544804142636421	172_наука-быт	0.2290766242849927	0.008751637521268575	131.0	1.1464645152861832	250_быт-война	0.2446713440980971	0.014656790942722741	99.0	1.4510223033295513
6	6											100_труд-отдых	0.13573407763977366	0.043828481149294905	222.0	9.729922815143471											33_абстрактная_работа-конкретная_работа	0.11753176797640764	0.02264670561267011	376.0	8.515161310363961						116_смерть-жизнь	0.10043940312391512	0.03779374469016047	428.0	16.17572272738868	160_победа-поражение	-0.17147577177280168	0.023269085990339684	175.0	4.072090048309445	105_сущность-внешность	-0.15423536189827367	0.028406698952818044	202	5.738153188469245																181_дополнение-устранение	-0.22786530985438985	0.018249573526521647	107.0	1.952704367337816											294_испытание-безмятежность	0.17196287564295273	0.046115930897106666	136.0	6.271766602006508	247_радостное_событие_грустное_событие	0.22522500565124426	0.009984982816706641	131.0	1.3080327489885697	23_мир-конфликт	0.24262886658833885	0.015531566665424112	99.0	1.5376250998769871
7	7											156_физический_труд-умственный_труд	-0.1333242969730571	0.0477468151287801	222.0	10.599792958589182											210_спешка-неторопливость	-0.11623179954775925	0.024198775903851395	376.0	9.098739739848122						230_отступление-наступление	-0.09927644542728506	0.04008086988614717	428.0	17.154612311270988	218_трусость-мужество	-0.16544031756904587	0.028670656697129662	175.0	5.01736492199769	111_нежелание-желание	-0.15254157327749882	0.030214411125341137	202	6.10331104731891																296_равенство-иерархия	0.2274612094161597	0.01846220036598833	107.0	1.9754554391607515											243_проблема-решение_проблем	-0.17109729364997794	0.04724012265461714	136.0	6.42465668102793	82_суматоха-спокойствие	-0.224415883794875	0.010262716142809724	131.0	1.3444158147080738	219_соблюдение_закона-правонарушение	0.237718034153156	0.01782201575346754	99.0	1.764379559593286
8	8																										112_профессиональный-любительский	0.11366320602783188	0.027537040428467892	376.0	10.353927201103929						300_беспокойство-спокойствие	0.09623427261158116	0.046623132272041005	428.0	19.95470061243355	126_путешествие-конец_движения	0.16228146022648085	0.03190166897499247	175.0	5.5827920706236815	52_близость-расстояние	-0.1512464957795898	0.03166195701017396	202	6.3957153160551385																137_вертикальные_отношения-горизонтальные_отношения	-0.22713871067747626	0.018633420508484363	107.0	1.9937759944078268																185_беда-счастье	0.22338472398992248	0.01062649795159248	131.0	1.3920712316586152	218_трусость-мужество	0.2347993649416581	0.019316887830904458	99.0	1.9123718952595417
9	9																										110_негативные_эмоции-положительные_эмоции	0.11233155634477272	0.029418364443467925	376.0	11.06130503074394						241_нападение-оборона	-0.09596184060699922	0.04725038724649496	428.0	20.223165741499837	1_иерархия-равенство	-0.16207724491338674	0.032120795340349825	175.0	5.621139184561219	113_скрытность-прозрачность	0.14993392905581282	0.033188860848850414	202	6.704149891467782																125_разработка-разрушение	-0.2269068454146308	0.0187573663326586	107.0	2.00703819759447																56_протест-мир	-0.22164735108397496	0.01126509613784685	131.0	1.4757275940579375	164_устранение-дополнение	-0.2338350608971676	0.01983392571649922	99.0	1.9635586459334229
10	10																										227_иерархия-равенство	0.11099497923819622	0.031416326431914526	376.0	11.812538738399864						127_начало-конец	-0.0956539814180108	0.04796770691732071	428.0	20.530178560613265	37_низ-верх	-0.16123156482443904	0.033041885740980256	175.0	5.782330004671545	177_изыскание-решение	0.14797049870357698	0.03558941625096869	202	7.189062082695675																282_путешествие-домоседство	-0.22520732022569914	0.01968775400377856	107.0	2.1065896784043057																201_вирус-растение	-0.22050346595557094	0.011703711459484572	131.0	1.533186201192479	185_беда-счастье	-0.230456920605904	0.021740099862864005	99.0	2.1522698864235363
11	11																										184_правонарушение-соблюдение_закона	0.10931886850304498	0.03408469887905273	376.0	12.815846778523829						245_любовь-ненависть	-0.09506337034968453	0.04936938286990559	428.0	21.130095868319597	52_близость-расстояние	-0.15866101252190867	0.035980387696897535	175.0	6.296567846957071	282_путешествие-домоседство	0.1462674019333149	0.03778920994664662	202	7.633420409222617																148_усталость-бодрость	-0.21845968853371472	0.023783980315797305	107.0	2.5448858937903114																211_больница-дом	-0.21776136558733444	0.012816611153749831	131.0	1.678976061141228	119_окончание-процесс	0.2301839813398437	0.021900743030973013	99.0	2.1681735600663283
12	12																										25_скрытность-прозрачность	-0.10867293123087687	0.03516334580449473	376.0	13.22141802249002											59_увядание-расцвет	0.1556055162181118	0.03975767854297068	175.0	6.957593745019869	87_народ-власть	-0.1457473580906825	0.03848338189432934	202	7.773643142654526																214_спешка-неторопливость	-0.2180095527421005	0.024081438181724552	107.0	2.5767138854445277																12_частное-общее	0.2142215036039508	0.014389392576701375	131.0	1.8850104275478805	117_живая_природа-неживая_природа	0.22977193778043006	0.022145184065762658	99.0	2.1923732225105037
13	13																										28_неисправность-отлаженность	-0.10823535079255367	0.03591043339476264	376.0	13.502322956430753											5_польза-вред	0.15495649240994006	0.040601579051703966	175.0	7.105276334048195	122_неопределенная_тема-здоровье	-0.14453301354391782	0.04014631073699661	202	8.109554768873316																96_наука-быт	0.2148913859477337	0.026230559772946443	107.0	2.8066698957052694																146_разум-чувство	0.2137210876293468	0.014624778701622137	131.0	1.9158460099125	67_неизменность-изменение	-0.2295441587452312	0.022281311707344195	99.0	2.2058498590270754
14	14																										203_концепция-хаотичность	0.10799190168492087	0.036331883729342235	376.0	13.66078828223268											263_влияние-зависимость	-0.1532894760817974	0.042838363711660214	175.0	7.4967136495405375	93_учёба-отдых	-0.14440583644855687	0.04032391546912558	202	8.145430924763367																94_проблема-решение_проблем	-0.2140988970202684	0.0268021022321328	107.0	2.867824938838209																273_жар-холод	-0.2103319543952393	0.016309052393585	131.0	2.136485863559635	290_статистика-отсутствие_системы	-0.22728285681971624	0.02367203381348495	99.0	2.3435313475350097
15	15																										277_неживая_природа-живая_природа	-0.1059627733921824	0.04001073472881223	376.0	15.0440362580334											235_процесс-итог	-0.15223777460260074	0.04430196896213024	175.0	7.752844568372793	263_влияние-зависимость	0.14430690738607435	0.04046252824404769	202	8.173430705297632																113_скрытность-прозрачность	-0.21376413045188405	0.027046700876814548	107.0	2.8939969938191568																208_неживая_природа-живая_природа	0.21021956702552375	0.016367677291097137	131.0	2.1441657251337247	94_проблема-решение_проблем	0.2244358575210979	0.02552781676285836	99.0	2.527253859522978
16	16																										52_близость-расстояние	0.10497059727438476	0.04192120691124769	376.0	15.762373798629135																14_изобилие-недостаток	0.14416357600339327	0.04066406567929673	202	8.21414126721794																275_жизненный_процесс-кончина	0.21317396233686373	0.027482535661103192	107.0	2.9406313157380417																67_неизменность-изменение	-0.2083101302191544	0.017392027975203964	131.0	2.27835566475172	220_власть-наука	0.22078952312071332	0.028084383410623862	99.0	2.780353957651762
17	17																										55_армия-гражданская_жизнь	0.10491216904590306	0.04203607034062122	376.0	15.805562448073573																226_человек-транспорт	0.1437762200288394	0.04121295388310323	202	8.325016684386853																90_отдых-напряжение	0.21306283687663466	0.02756526551064916	107.0	2.94948340963946																149_нищета-состояние	0.2079239901145072	0.017605801352022974	131.0	2.3063599771150094	44_упорядоченность-однородная_масса	-0.21953765056238086	0.029010790609473026	99.0	2.872068270337828
18	18																										54_реальность-когнитивные_процессы	-0.10117774916010122	0.04994784428005627	376.0	18.780389449301158																75_действующее_лицо-зритель	-0.14308533204555654	0.04220741383959445	202	8.525897595598076																154_знание-сомнение	0.2089209246762113	0.030803399481577787	107.0	3.2959637445288235																141_микробиология-неопределенная_тема	-0.2066501476369629	0.01832723962844238	131.0	2.400868391325952	263_влияние-зависимость	-0.21893084255507647	0.029469076040733757	99.0	2.917438528032642
19	19																																														278_физический_труд-умственный_труд	-0.14295274700669067	0.04240054220571865	202	8.56490952555517																292_экстрим-повседневность	-0.20763790584681469	0.03186955325519175	107.0	3.4100421983055176																13_личные_отношения-иерархические_отношения	0.2059719949055988	0.01872163912356723	131.0	2.4525347251873066	63_мир-война	-0.2188123363582295	0.02955928843782387	99.0	2.926369555344563
20	20																																														276_начало-конец	-0.1424936518860805	0.0430750184883778	202	8.701153734652317																171_работа-отдых	-0.20651176616460606	0.0328308801689823	107.0	3.5129041780811066																284_учеба-производство	-0.2046895532160395	0.01948756760936149	131.0	2.552871356826355	182_светское_общество-религия	-0.21758487133814286	0.030507524108077774	99.0	3.0202448866997
21	21																																														159_реальная_жизнь-выдуманная_жизнь	-0.14249293468516744	0.04307607915845737	202	8.701367990008388																47_журналистика-литература	0.2037646150926921	0.03527910015918485	107.0	3.7748637170327792																293_соблюдение_закона-правонарушение	-0.2038778359150837	0.01998621498851174	131.0	2.6181941634950383	247_радостное_событие_грустное_событие	0.21751638496083345	0.030561179878491582	99.0	3.0255568079706667
22	22																																														212_наука-быт	0.14249238904055042	0.04307688612821045	202	8.701530997898509																261_болезнь-здоровье	0.20206425804805173	0.036870037641377265	107.0	3.945094027627367																162_история-одномоментное_происшествие	0.2019930699714981	0.02118667379882293	131.0	2.7754542676458045	36_спокойствие-деятельность	-0.2157630512752436	0.03196224759902632	99.0	3.1642625123036057
23	23																																														18_уменьшение-расширение	0.14245171542031276	0.043137075245399344	202	8.713689199570668																25_скрытность-прозрачность	-0.20186969240076308	0.037055863934416	107.0	3.964977440982513																57_улица-дом	0.20118672858713296	0.021718912819474943	131.0	2.8451775793512177	48_отдаление-приближение	0.21414448848927545	0.03330335802264955	99.0	3.2970324442423053
24	24																																														154_знание-сомнение	-0.14207798004499525	0.04369344053804116	202	8.826074988684315																19_быстрое_явление-длительное_явление	0.20112159237997426	0.03777769851263018	107.0	4.0422137408514285																295_прощение-мстительность	0.19946500543972345	0.022893970124997397	131.0	2.9991100863746585	248_спор-согласие	-0.21399630763256036	0.03342847202600078	99.0	3.3094187305740776
25	25																																														151_забытье-сознание	-0.14161590988045175	0.04438960933447035	202	8.966701085563011																7_чужбина-родной_дом	-0.20026252879235384	0.03862110624685409	107.0	4.132458368413388																83_речь-текст	0.19917253776703828	0.023098904612019668	131.0	3.0259565041745766	6_холодное_отношение-тёплое_отношение	0.2135053621251433	0.03384582548939725	99.0	3.350736723450328
26	26																																														141_микробиология-неопределенная_тема	0.14142555844168328	0.044679088033859525	202	9.025175782839623																236_умственный_труд-физический_труд	-0.19802186223399088	0.04089543288455072	107.0	4.375811318646927																177_изыскание-решение	0.19853015619616868	0.023554559244272598	131.0	3.0856472609997097	148_усталость-бодрость	0.21227965443076746	0.034906983029746576	99.0	3.455791319944911
27	27																																														156_физический_труд-умственный_труд	0.1413436104061396	0.04480419703282385	202	9.050447800630415																117_живая_природа-неживая_природа	-0.19632351836572334	0.042692891574421715	107.0	4.568139398463122																257_тёплые_чувства-холодные_чувства	-0.1973902168279847	0.0243821292658987	131.0	3.19405893383273	257_тёплые_чувства-холодные_чувства	0.21220870423457786	0.03496925496456519	99.0	3.461956241491954
28	28																																														10_рутина-отдых	-0.1413029296012257	0.04486641272824325	202	9.063015371105136																66_курируемый-куратор	-0.1943727094984552	0.04483831466943615	107.0	4.797699669629668																143_неважность-значимость	0.19706873810909112	0.024619969642698556	131.0	3.2252160231935103	103_познание-непостижимость	0.21181259892522464	0.035318628874157224	99.0	3.496544258541565
29	29																																														170_спокойствие-суматоха	-0.14128118159039374	0.04489970297138808	202	9.069740000220392																147_рассудительность-беспокойство	0.1937804771252296	0.04550709193463532	107.0	4.86925883700598																175_нематериальное-материальное	0.19536533716334065	0.02591361171996534	131.0	3.3946831353154594	79_многообразие-единство	-0.21105525153571406	0.03599479235411783	99.0	3.563484443057665
30	30																																														78_популярность-безвестность	0.14119500985137315	0.045031811598850266	202	9.096425942967754																269_власть-беспорядок	-0.19332958759875227	0.04602179527935564	107.0	4.924332094891054																152_исчезнование-появление	-0.19433928697912145	0.02672053302525593	131.0	3.500389826308527	43_энергия-покой	0.20934181937013666	0.03756473020571576	99.0	3.71890829036586
31	31																																														91_здоровье-болезнь	-0.14107009552586022	0.04522389333519277	202	9.13522645370894																22_деятельность_наверху-деятельность_в_земле	-0.19188637340134754	0.04770185439961192	107.0	5.1040984207584765																44_упорядоченность-однородная_масса	0.1936885187793704	0.027243355034184936	131.0	3.568879509478226	110_негативные_эмоции-положительные_эмоции	-0.20841674431934973	0.03843591240300282	99.0	3.805155327897279
32	32																																														262_серьезность-шутка	0.1410405284820538	0.045269459003418576	202	9.144430718690552																																				255_голод-неопределенная_тема	-0.191968970181166	0.028666981927571406	131.0	3.7553746325118538	230_отступление-наступление	-0.20830242903746213	0.03854473223968145	99.0	3.815928491728464
33	33																																														256_фильм-жизнь	0.14090792385096818	0.04547428821802394	202	9.185806220040837																																				214_спешка-неторопливость	0.19189869684968416	0.028726483559660926	131.0	3.763169346315581	187_гармония-конфликт	-0.2081494803974968	0.03869073125921888	99.0	3.830382394662669
34	34																																														21_получение_результата-разработка	-0.14087280668552607	0.04552866197890382	202	9.196789719738574																																				118_покой-беспокойство	0.19172255936532667	0.028876084178311737	131.0	3.7827670273588376	140_шум-тишина	-0.2065271385956262	0.040268031641857584	99.0	3.9865351325439
35	35																																														264_безопасность-опасность	0.14085406067534847	0.04555770966981719	202	9.202657353303072																																				128_неловкость-ловкость	-0.19082205966968488	0.029651311758659742	131.0	3.884321840384427	272_образование-невежество	0.2061501406162389	0.04064215003074959	99.0	4.023572853044209
36	36																																														260_быт-искусство	-0.1407370406481711	0.04573938744406863	202	9.239356263701863																																				252_современность-древность	0.19061420740464025	0.02983274000552061	131.0	3.9080889407232005	39_целостность-пустота	-0.206094065362988	0.04069804397650489	99.0	4.029106353673984
37	37																																														174_праздник-быт	-0.14055766482957185	0.04601905058199073	202	9.295848217562128																																				59_увядание-расцвет	0.1901834414424418	0.030211747532793883	131.0	3.957738926795998	260_быт-искусство	-0.20600389690333346	0.04078805537559713	99.0	4.038017482184117
38	38																																														31_интеллект-культура	-0.14049984927603262	0.046109494286811714	202	9.314117845935966																																				229_закрытие-открытие	0.18910115248091527	0.03118207713071514	131.0	4.084852104123684	52_близость-расстояние	-0.2059768948184926	0.040815042720692765	99.0	4.040689229348583
39	39																																														149_нищета-состояние	0.14047965909830026	0.046141113751054286	202	9.320504977712966																																				33_абстрактная_работа-конкретная_работа	0.18803863798950085	0.03216025827789762	131.0	4.212993834404588	152_исчезнование-появление	-0.2053090044024129	0.04148732464555498	99.0	4.107245139909943
40	40																																														247_радостное_событие_грустное_событие	0.14047915020896812	0.04614191094730974	202	9.320666011356566																																				125_разработка-разрушение	-0.1869782143731875	0.03316230090945635	131.0	4.344261419138782	156_физический_труд-умственный_труд	0.2049104681401166	0.0418928607825491	99.0	4.147393217472361
41	41																																														60_восстание-смирение	0.1404252662155551	0.04622638762363581	202	9.337730299974432																																				184_правонарушение-соблюдение_закона	0.18625990749936205	0.033855959354805884	131.0	4.435130675479571	25_скрытность-прозрачность	0.20437546922262645	0.04244244425686247	99.0	4.2018019814293845
42	42																																														90_отдых-напряжение	-0.14037431186382804	0.04630639021055995	202	9.35389082253311																																				212_наука-быт	-0.1856562091351061	0.03444838634177872	131.0	4.512738610773011	24_активность-пассивность	0.20413761365668376	0.0426887046644564	99.0	4.226181761781183
43	43																																														81_религия-наука	-0.14035084050561547	0.046343281105580385	202	9.361342783327238																																				29_негативные_чувства-духовные_чувства	0.18392761596146934	0.03619331952087749	131.0	4.741324857234951	122_неопределенная_тема-здоровье	-0.20253823455385972	0.044375665013742266	99.0	4.393190836360485
44	44																																														143_неважность-значимость	0.14034656296462494	0.046350006936780534	202	9.362701401229666																																				24_активность-пассивность	0.18288244370103304	0.037284057065148764	131.0	4.884211475534487	68_власть-народ	-0.20167859353249226	0.04530502719076683	99.0	4.485197691885916
45	45																																														295_прощение-мстительность	-0.14033572828729793	0.04636704659141778	202	9.36614341146639																																				64_человеческое_взаимодействие-механическое_взаимодействие	0.1826579091669477	0.03752195376803317	131.0	4.915375943612345	158_конец-начало	0.20062490562808852	0.046466147847868976	99.0	4.6001486369390285
46	46																																														100_труд-отдых	0.14027643292513764	0.046460392906477806	202	9.384999367108515																																				139_свобода-неволя	0.181396750345354	0.03888200859391597	131.0	5.093543125802992	85_направление-дезориентация	0.19945297976409104	0.047786417534647435	99.0	4.730855335930096
47	47																																														152_исчезнование-появление	0.14026779823268026	0.046473999244392765	202	9.387747847367336																																				236_умственный_труд-физический_труд	0.1807829632913721	0.0395587556524581	131.0	5.182196990472011	89_апатия-взбудораженность	0.19920430886690496	0.04807052036973393	99.0	4.75898151660366
48	48																																														198_обучение-достижение	-0.1402384930189823	0.04652020251001144	202	9.39708090702231																																				151_забытье-сознание	-0.1804757574383017	0.039901166548564335	131.0	5.227052817861926	259_процесс-итог	-0.19759954909299807	0.04993771612009616	99.0	4.9438338958895205
49	49																																														279_соблюдение_закона-правонарушение	0.14022089234961824	0.04654797056502076	202	9.402690054134194																																				276_начало-конец	0.1802871450907609	0.04011262203184717	131.0	5.254753486171979					
50	50																																														6_холодное_отношение-тёплое_отношение	0.14017272154232094	0.046624039034261655	202	9.418055884920854																																				35_кончина-вечное_искусство	-0.18015654004151505	0.04025959461279359	131.0	5.27400689427596					
51	51																																														34_духовное_наслаждение-физическое_наслаждение	0.14011799674956998	0.04671058312742677	202	9.435537791740206																																				267_неволя-свобода	-0.17996408994703736	0.04047698497922465	131.0	5.302485032278429					
52	52																																														92_жизнь-смерть	0.14006768617204765	0.04679026472918973	202	9.451633475296326																																				91_здоровье-болезнь	-0.17855316470205249	0.04210098083810256	131.0	5.5152284897914345					
53	53																																														183_неживая_природа-живая_природа	-0.13998997288081225	0.04691356966762101	202	9.476541072859444																																				58_формирование-перестройка	0.17842571516175848	0.0422503230211857	131.0	5.534792315775326					
54	54																																														82_суматоха-спокойствие	0.1399481697720244	0.04698000934076483	202	9.489961886834497																																				133_торможение-развитие	-0.1763677112398072	0.044723803991419966	131.0	5.858818322876017					
55	55																																														255_голод-неопределенная_тема	-0.13991965085465347	0.04702538088172356	202	9.49912693810816																																				250_быт-война	0.17635635146611606	0.044737785048969865	131.0	5.860649841415053					
56	56																																														284_учеба-производство	-0.13991943264214987	0.047025728183063116	202	9.499197092978749																																				299_веселье-грусть	0.17443558589532127	0.047154718241419036	131.0	6.177268089625895					
57	57																																														84_последовательность-разлад	0.1398366365384	0.04715765895255724	202	9.525847108416562																																				289_недовольство-радость	-0.17404847485063446	0.04765473930289064	131.0	6.242770848678672					
58	58																																														225_кража-находка	-0.13983562923776846	0.04715926592787775	202	9.526171717431305																																				246_чистота-беспорядок	0.17307129719762449	0.04893655444686144	131.0	6.410688632538849					
59	59																																														290_статистика-отсутствие_системы	0.13979219603451656	0.04722859964365822	202	9.54017712801896																																				277_неживая_природа-живая_природа	-0.1728184602077112	0.04927283174711557	131.0	6.454740958872139					
60	60																																														218_трусость-мужество	0.13978864704651106	0.047234268757235666	202	9.541322288961606																																				207_фантастика-реальность	0.17274983561229976	0.049364433457739804	131.0	6.466740782963914					
61	61																																														142_равенство-иерархия	-0.13951376815705302	0.04767508614985496	202	9.630367402270704																																				283_героизм-малодушие	-0.17240733862668942	0.04982371965333533	131.0	6.526907274586929					
62	62																																														191_техническое_взаимодействие-животные_взаимоотношения	0.13946318478413308	0.04775657837732655	202	9.646828832219963																																													
63	63																																														187_гармония-конфликт	0.13936842138506542	0.047909559502291935	202	9.677731019462971																																													
64	64																																														199_уют-неуют	-0.13920208427409314	0.04817907386035633	202	9.732172919791976																																													
65	65																																														35_кончина-вечное_искусство	0.13913231650759295	0.04829249358968391	202	9.755083705116151																																													
66	66																																														205_отдых-рабочий_процесс	-0.13901433003450747	0.04848480777383544	202	9.793931170314758																																													
67	67																																														7_чужбина-родной_дом	0.1389999908347464	0.048508223655444486	202	9.798661178399787																																													
68	68																																														181_дополнение-устранение	0.13898238771872634	0.04853698239240768	202	9.804470443266352																																													
69	69																																														188_страх-надёжность	-0.13897144226448951	0.048554871472193034	202	9.808084037382994																																													
70	70																																														132_правонарушение-соблюдение_закона	0.1388788662941643	0.048706396093845215	202	9.838692010956732																																													
71	71																																														287_вода-земля	0.13885745489034898	0.04874149746676385	202	9.845782488286297																																													
72	72																																														298_очевидный-скрытый	-0.13875095963713094	0.048916396674528635	202	9.881112128254786																																													
73	73																																														224_власть-отставка	0.1387427154130719	0.04892995809924857	202	9.883851536048214																																													
74	74																																														227_иерархия-равенство	0.13871361428858278	0.0489778533496904	202	9.893526376637462																																													
75	75																																														292_экстрим-повседневность	0.13869318719461918	0.049011496019015915	202	9.900322195841213																																													
76	76																																														69_труд-месть	0.13857682946181787	0.04920350023354627	202	9.939107047176346																																													
77	77																																														51_творческая_реализация - эмоциональное_переживание	0.13855966076467385	0.04923188360685162	202	9.944840488584024																																													
78	78																																														73_наука-физический_труд	0.1385517426375919	0.04924497848660913	202	9.947485654295043																																													
79	79																																														107_мир-драка	-0.13854646043245664	0.049253715731019165	202	9.949250577665872																																													
80	80																																														5_польза-вред	-0.13852958336703747	0.04928164057383486	202	9.954891395914643																																													
81	81																																														40_уклад_жизни-дисциплина	-0.1385203337230646	0.04929695065448002	202	9.957984032204964																																													
82	82																																														266_мир-война	-0.13850272399781582	0.04932610935311765	202	9.963874089329764																																													
83	83																																														222_религия-повседневность	-0.138418428352486	0.04946588753899635	202	9.992109282877262																																													
84	84																																														117_живая_природа-неживая_природа	-0.13838788657812034	0.04951661291971099	202	10.00235580978162																																													
85	85																																														252_современность-древность	-0.13835265594240426	0.04957517958787691	202	10.014186276751136																																													
86	86																																														147_рассудительность-беспокойство	-0.13831153239336708	0.049643615440364004	202	10.028010318953527																																													
87	87																																														54_реальность-когнитивные_процессы	0.1383004404862105	0.0496620875240686	202	10.031741679861856																																													
88	88																																														65_серьёзность-веселье	0.13826645244549193	0.04971872567605545	202	10.0431825865632																																													
89	89																																														120_усталость-покой	0.13824850090330607	0.049748662070835344	202	10.049229738308739																																													
90	90																																														285_опасность-безопасность	-0.13823434001866322	0.04977228766363952	202	10.054002108055183																																													
91	91																																														45_наука-быт	0.13812084110797435	0.04996198337998297	202	10.092320642756562																																													
92	92																																														16_воля-неволя	-0.13810011775667005	0.049996684094545336	202	10.09933018709816																																													
93	93																																														211_больница-дом	-0.13809878273658244	0.04999892023846001	202	10.099781888168922																																													
