	Unnamed: 0	я_PRON	я_PRON.1	я_PRON.2	я_PRON.3	я_PRON.4	свой_DET	свой_DET.1	свой_DET.2	свой_DET.3	свой_DET.4	он_PRON	он_PRON.1	он_PRON.2	он_PRON.3	он_PRON.4	хотеть_VERB	хотеть_VERB.1	хотеть_VERB.2	хотеть_VERB.3	хотеть_VERB.4	человек_NOUN	человек_NOUN.1	человек_NOUN.2	человек_NOUN.3	человек_NOUN.4	очень_ADV	очень_ADV.1	очень_ADV.2	очень_ADV.3	очень_ADV.4	она_PRON	она_PRON.1	она_PRON.2	она_PRON.3	она_PRON.4	мочь_VERB	мочь_VERB.1	мочь_VERB.2	мочь_VERB.3	мочь_VERB.4	мой_DET	мой_DET.1	мой_DET.2	мой_DET.3	мой_DET.4	мы_PRON	мы_PRON.1	мы_PRON.2	мы_PRON.3	мы_PRON.4	жизнь_NOUN	жизнь_NOUN.1	жизнь_NOUN.2	жизнь_NOUN.3	жизнь_NOUN.4	потом_ADV	потом_ADV.1	потом_ADV.2	потом_ADV.3	потом_ADV.4	хороший_ADJ	хороший_ADJ.1	хороший_ADJ.2	хороший_ADJ.3	хороший_ADJ.4	еще_ADV	еще_ADV.1	еще_ADV.2	еще_ADV.3	еще_ADV.4	день_NOUN	день_NOUN.1	день_NOUN.2	день_NOUN.3	день_NOUN.4	жить_VERB	жить_VERB.1	жить_VERB.2	жить_VERB.3	жить_VERB.4	ничто_PRON	ничто_PRON.1	ничто_PRON.2	ничто_PRON.3	ничто_PRON.4
	Unnamed: 0	Dim	Pearson C	P-value	Occ	P-Bonferroni	Dim.1	Pearson C.1	P-value.1	Occ.1	P-Bonferroni.1	Dim.2	Pearson C.2	P-value.2	Occ.2	P-Bonferroni.2	Dim.3	Pearson C.3	P-value.3	Occ.3	P-Bonferroni.3	Dim.4	Pearson C.4	P-value.4	Occ.4	P-Bonferroni.4	Dim.5	Pearson C.5	P-value.5	Occ.5	P-Bonferroni.5	Dim.6	Pearson C.6	P-value.6	Occ.6	P-Bonferroni.6	Dim.7	Pearson C.7	P-value.7	Occ.7	P-Bonferroni.7	Dim.8	Pearson C.8	P-value.8	Occ.8	P-Bonferroni.8	Dim.9	Pearson C.9	P-value.9	Occ.9	P-Bonferroni.9	Dim.10	Pearson C.10	P-value.10	Occ.10	P-Bonferroni.10	Dim.11	Pearson C.11	P-value.11	Occ.11	P-Bonferroni.11	Dim.12	Pearson C.12	P-value.12	Occ.12	P-Bonferroni.12	Dim.13	Pearson C.13	P-value.13	Occ.13	P-Bonferroni.13	Dim.14	Pearson C.14	P-value.14	Occ.14	P-Bonferroni.14	Dim.15	Pearson C.15	P-value.15	Occ.15	P-Bonferroni.15	Dim.16	Pearson C.16	P-value.16	Occ.16	P-Bonferroni.16
0	0	199_уют-неуют	0.4175434815451754	0.0011100392726432473	58.0	0.06438227781330834	198_обучение-достижение	0.42122912028001946	0.009421860175676441	37.0	0.34860882650002833	272_образование-невежество	-0.8949932177910086	0.006480650940962895	7.0	0.04536455658674026	16_воля-неволя	-0.9835798592127522	0.002519570988221955	5.0	0.012597854941109772	28_неисправность-отлаженность	0.5171827077177519	0.04834675391957415	15.0	0.7252013087936122	10_рутина-отдых	0.7072310818131977	0.01010045467009463	12.0	0.12120545604113557	13_личные_отношения-иерархические_отношения	0.9784506982769986	0.0006915551565925412	6	0.0041493309395552475	214_спешка-неторопливость	-0.8889562987928964	0.0005805986575877756	10.0	0.005805986575877756	251_недостаток-достоинство	-0.6118762992402375	0.01534270859889106	15.0	0.2301406289833659	132_правонарушение-соблюдение_закона	0.9810891344654245	0.01891086553457566	4.0	0.07564346213830264	83_речь-текст	-0.5228596702661871	0.0455179746617852	15.0	0.682769619926778	58_формирование-перестройка	-0.6918984866939993	0.006113569015682263	14.0	0.08558996621955169	290_статистика-отсутствие_системы	-0.5836301561559163	0.022365788492334542	15.0	0.3354868273850181	175_нематериальное-материальное	0.8756259071135699	0.0019741228977155504	9.0	0.017767106079439952	160_победа-поражение	-0.5709562590846987	0.020889319815000574	16.0	0.33422911704000924	12_частное-общее	-0.7258324489817642	0.017479530011574176	10.0	0.17479530011574174	283_героизм-малодушие	-0.9476535785987871	0.014263450530876638	5.0	0.07131725265438317
1	1	289_недовольство-радость	0.4150087980288544	0.0011984876060496413	58.0	0.0695122811508792	37_низ-верх	0.4017025030599578	0.013724635004280115	37.0	0.5078114951583642	134_физическое-абстрактное	-0.7900575250561941	0.03451648177967128	7.0	0.24161537245769896	15_древняя_работа-современная_работа	-0.9661253334838532	0.007446072910036605	5.0	0.03723036455018302						259_процесс-итог	-0.6422587137395858	0.024323546120017126	12.0	0.2918825534402055	57_улица-дом	-0.9717493242194896	0.0011858775812788106	6	0.007115265487672862	222_религия-повседневность	0.8218152593697091	0.0035354476653895596	10.0	0.035354476653895586	221_получение_денег-отсутствие_денег	0.6048931652969921	0.016893513340737847	15.0	0.2534027001110677																245_любовь-ненависть	-0.5786168956734405	0.02383302530273617	15.0	0.3574953795410425	38_личное-общее	-0.8576774918271999	0.003106848948513129	9.0	0.02796164053661816	186_движение-неподвижность	-0.5070996067448856	0.04497876876865401	16.0	0.7196603002984642	274_единство-разрозренность	-0.7079283742400079	0.021980031962787184	10.0	0.21980031962787186	222_религия-повседневность	-0.9403106221866548	0.017348117347622642	5.0	0.08674058673811319
2	2	197_проблема-решение_проблем	-0.3861550880099805	0.0027542011372830863	58.0	0.159743665962419	201_вирус-растение	0.39554666609054295	0.01538522649993276	37.0	0.5692533804975122	57_улица-дом	-0.7895785902257609	0.03470408130236048	7.0	0.24292856911652336	116_смерть-жизнь	0.9283832540181404	0.022758021061697026	5.0	0.11379010530848513						232_проблема-решение_проблем	-0.6254616311372185	0.029620042314184674	12.0	0.3554405077702161	154_знание-сомнение	0.9715613611694209	0.0012016343053724758	6	0.0072098058322348545	72_недостаток-достоинство	0.814807665914119	0.004088312628048747	10.0	0.040883126280487465	284_учеба-производство	-0.5939993213681336	0.019550356923980508	15.0	0.2932553538597077																					212_наука-быт	0.8479832057543739	0.0038740320035756375	9.0	0.03486628803218074	78_популярность-безвестность	0.5048455142021828	0.046099856292255034	16.0	0.7375977006760804	164_устранение-дополнение	0.6981575280521283	0.02474504753596817	10.0	0.2474504753596817	104_неподвижность-подвижность	-0.9301076526467909	0.021946843706056682	5.0	0.10973421853028338
3	3	57_улица-дом	-0.3492510748802884	0.007207432521162947	58.0	0.4180310862274509	228_народ-власть	-0.3876681943315344	0.017754291350954302	37.0	0.6569087799853092						252_современность-древность	0.9230246055973336	0.025338603105517055	5.0	0.1266930155275853						2_неживая_природа-живая_природа	-0.6068977986064642	0.036387933481899316	12.0	0.4366552017827919	125_разработка-разрушение	-0.9706528531980392	0.0012792448492913466	6	0.0076754690957480795	45_наука-быт	0.8070753443764738	0.00476733880105101	10.0	0.04767338801051009	252_современность-древность	0.5695662584001606	0.026665948271453688	15.0	0.3999892240718053																					237_низшие_слои-высшие_слои	-0.8444485612982964	0.004183336968794946	9.0	0.037650032719154514						96_наука-быт	-0.6339108157759151	0.04905110194197982	10.0	0.4905110194197982	176_животное-человек	-0.9275693617735732	0.02314417897927137	5.0	0.11572089489635685
4	4	295_прощение-мстительность	0.3328871391130689	0.010671358419201877	58.0	0.6189387883137089	147_рассудительность-беспокойство	-0.3854149402553115	0.018485507852076945	37.0	0.6839637905268469						262_серьезность-шутка	-0.8987128507809398	0.038102603599227854	5.0	0.19051301799613926						199_уют-неуют	0.5982579267142992	0.03988685120997044	12.0	0.4786422145196453	231_злость-радость	0.96413544413422	0.001906333865177654	6	0.011438003191065924	68_власть-народ	0.8037025192196151	0.00508736038502576	10.0	0.0508736038502576	212_наука-быт	-0.5349088552497228	0.03992184095381126	15.0	0.5988276143071689																					13_личные_отношения-иерархические_отношения	-0.8388846357315063	0.004703848904453938	9.0	0.042334640140085436											24_активность-пассивность	0.9176606073912572	0.028009633878717098	5.0	0.1400481693935855
5	5	163_человек-инструмент	0.31314481938521843	0.016690210603879912	58.0	0.9680322150250348	172_наука-быт	0.3707648298723916	0.023879641600197427	37.0	0.8835467392073048						148_усталость-бодрость	-0.8986896328866599	0.038115568324717325	5.0	0.19057784162358665											32_разруха-реализация	0.9627034597224979	0.0020606075360532767	6	0.01236364521631966	145_высказывание-умалчивание	-0.7998929766257015	0.005466930601008132	10.0	0.054669306010081326	27_труд-фортуна	-0.534838265169399	0.03995305512137497	15.0	0.5992958268206245																					18_уменьшение-расширение	-0.8380258303714038	0.004787947956726443	9.0	0.043091531610537984											169_потеря-приобретение	-0.91265455296503	0.03057883017080925	5.0	0.15289415085404626
6	6	213_обозрение-сокрытие	0.30109600768795797	0.0216334476641566	58.0	1.2547399645210826	112_профессиональный-любительский	-0.3700922988649338	0.02415567353840228	37.0	0.8937599209208842						246_чистота-беспорядок	-0.8941664827020546	0.040667862773354865	5.0	0.2033393138667744											23_мир-конфликт	-0.9601405783177084	0.002351496448885864	6	0.014108978693315184	208_неживая_природа-живая_природа	0.7975066253355865	0.005714730677636734	10.0	0.05714730677636734	46_идея-реализация	0.5319845053837173	0.04123023442223971	15.0	0.6184535163335957																					250_быт-война	0.8362623062015079	0.004963855384040339	9.0	0.04467469845636305											102_фантастика-реальность	-0.9042378032595983	0.03505792977847396	5.0	0.1752896488923698
7	7	131_процесс-завершение	0.3008032483591006	0.021767528962348338	58.0	1.2625166798162035	148_усталость-бодрость	-0.3652331878789996	0.02622963363533929	37.0	0.970496444507554						93_учёба-отдых	-0.8842019970931391	0.04647232398336585	5.0	0.23236161991682924											44_упорядоченность-однородная_масса	0.9521706316011616	0.003376764331154986	6	0.020260585986929917	70_единство-разрозренность	-0.7936059791175367	0.006136844353784148	10.0	0.061368443537841474	286_начало-конец	0.5229604418374953	0.04546889337044263	15.0	0.6820334005566395																					279_соблюдение_закона-правонарушение	-0.8299262614196267	0.005632287470746621	9.0	0.05069058723671959											298_очевидный-скрытый	-0.9000751928122052	0.03734434947338698	5.0	0.18672174736693486
8	8	233_неопределенная_тема-часть_целого	0.3007399760897581	0.021796599398755192	58.0	1.264202765127801	68_власть-народ	0.3641004594517072	0.026733675128024333	37.0	0.9891459797369002																					247_радостное_событие_грустное_событие	-0.9520909186585002	0.003387937732572648	6	0.020327626395435887	149_нищета-состояние	0.7698136423225899	0.009204685375408313	10.0	0.09204685375408313	114_церковь-мирская_жизнь	0.5206002778456543	0.0466287398090342	15.0	0.6994310971355131																					209_отрицание-утверждение	0.8093220686659987	0.008226388614910794	9.0	0.07403749753419714											228_народ-власть	-0.8995888604562242	0.037614474741323095	5.0	0.18807237370661548
9	9	207_фантастика-реальность	-0.2996004124561221	0.022325825234503476	58.0	1.2948978636012014	133_торможение-развитие	-0.3613726917669533	0.02798036558742415	37.0	1.0352735267346935																					26_ненависть-дружба	-0.9502604480237544	0.0036495061476310596	6	0.02189703688578636	139_свобода-неволя	0.7698009330615	0.009206565215948537	10.0	0.09206565215948537																										61_единство-разрозренность	0.7866903106335086	0.011895954555252677	9.0	0.10706359099727407											146_разум-чувство	0.8987524510450394	0.03808049430749688	5.0	0.1904024715374844
10	10	127_начало-конец	0.2960652970162793	0.024037233588246863	58.0	1.3941595481183182	46_идея-реализация	-0.3591910871279802	0.02901158257076015	37.0	1.0734285551181255																					159_реальная_жизнь-выдуманная_жизнь	0.9481705756502158	0.003959819430471729	6	0.023758916582830383	113_скрытность-прозрачность	0.7660227675565591	0.009777501567996573	10.0	0.09777501567996573																										231_злость-радость	-0.7849890626456338	0.0122094664458729	9.0	0.1098851980128561											28_неисправность-отлаженность	-0.888232938695139	0.04409469591192498	5.0	0.22047347955962493
11	11	232_проблема-решение_проблем	-0.2900191464048689	0.027220647083825943	58.0	1.5787975308619049	224_власть-отставка	-0.34722795886156993	0.03523707552672417	37.0	1.3037717944887943																					151_забытье-сознание	0.9451876180181398	0.004424256743804509	6	0.026545540462827054	162_история-одномоментное_происшествие	-0.7649751122606823	0.00994013305410407	10.0	0.09940133054104072																										60_восстание-смирение	0.7739176410889825	0.014386194279868697	9.0	0.12947574851881827											87_народ-власть	0.8790158388248204	0.0495888463815564	5.0	0.247944231907782
12	12	290_статистика-отсутствие_системы	0.2873885372332535	0.028712328310069337	58.0	1.6653150419840217	160_победа-поражение	-0.3470296711974679	0.035348780504923294	37.0	1.307904878682162																					208_неживая_природа-живая_природа	-0.9448236492122782	0.0044826542692160505	6	0.026895925615296308	174_праздник-быт	-0.758899672086143	0.01092100909292994	10.0	0.10921009092929937																										107_мир-драка	-0.7671782000131001	0.0158305940985478	9.0	0.1424753468869302															
13	13	28_неисправность-отлаженность	-0.2868892947688433	0.029003016045414377	58.0	1.6821749306340337	258_конец-начало	0.34230322289148835	0.03809810172469317	37.0	1.4096297638136472																					115_наследство-собственность	0.9388196631464174	0.005500050397489742	6	0.03300030238493845	49_развитие-откат	0.7534398562578929	0.011858832416173463	10.0	0.11858832416173465																										190_погода-животное	0.7658388046431037	0.016128725135101146	9.0	0.1451585262159103															
14	14	83_речь-текст	0.286667214227301	0.029133113819831975	58.0	1.6897206015502546	150_безопасность-опасность	0.3342099830503633	0.043207928824163334	37.0	1.5986933664940437																					25_скрытность-прозрачность	-0.9374821090225616	0.005740554865943381	6	0.03444332919566029	17_полемика-консенсус	-0.7531941926652496	0.011902312243344312	10.0	0.11902312243344315																										50_проблема-взаимовыручка	0.7601136531903617	0.017445269639181114	9.0	0.15700742675263002															
15	15	217_завоевание-бегство	0.2814073450963337	0.03236021229287737	58.0	1.8768923129868875																										64_человеческое_взаимодействие-механическое_взаимодействие	0.9368817871543634	0.005850134587668991	6	0.035100807526013945	135_запрет-толчок	-0.7495565804624541	0.012559286511722244	10.0	0.12559286511722245																										58_формирование-перестройка	-0.7532335493988083	0.019119657598169103	9.0	0.17207691838352193															
16	16	144_физический_труд-искусство	-0.2800440137585379	0.03324364149357716	58.0	1.9281312066274756																										43_энергия-покой	-0.9338280158520798	0.006423222553866715	6	0.03853933532320029	8_застой-работа	-0.7466112267709071	0.013109522288134574	10.0	0.13109522288134573																										90_отдых-напряжение	-0.7379420773457287	0.023215183323976537	9.0	0.20893664991578886															
17	17	92_жизнь-смерть	0.27853936082840874	0.03424186042621652	58.0	1.9860279047205582																										180_потребление-вывод	-0.9334285183205858	0.006500128772335418	6	0.039000772634012505	240_осторожность-риск	0.7451582716865447	0.013387072286896416	10.0	0.13387072286896418																										230_отступление-наступление	-0.7355696027188761	0.023898273931944058	9.0	0.2150844653874965															
18	18	121_несовременность-актуальность	0.2770886431813906	0.03522776935530655	58.0	2.04321062260778																										284_учеба-производство	-0.9319043926248446	0.006797637550137381	6	0.04078582530082429	179_работа-искусство	0.7413348356678142	0.014137037536215391	10.0	0.14137037536215394																										157_отсутствие_чувств-чувства	-0.7350055799246861	0.02406259426943161	9.0	0.21656334842488448															
19	19	42_деструктивная_коммуникация-конструктивная_коммуникация	-0.27487455146570405	0.03677782197881706	58.0	2.1331136747713897																										292_экстрим-повседневность	-0.9307096300510964	0.007035396135680382	6	0.04221237681408229	146_разум-чувство	0.7296586705260953	0.01660837731630496	10.0	0.1660837731630496																										261_болезнь-здоровье	-0.7340769324973959	0.02433476132801762	9.0	0.21901285195215855															
20	20	275_жизненный_процесс-кончина	0.27340250743325	0.037839332152449424	58.0	2.1946812648420666																										197_проблема-решение_проблем	0.9301551079371247	0.007147100939976161	6	0.04288260563985696	292_экстрим-повседневность	0.7149630477928646	0.02012651008458937	10.0	0.20126510084589366																										168_работа-праздность	0.7165607975175388	0.02985363389174745	9.0	0.26868270502572705															
21	21	201_вирус-растение	-0.272266206932936	0.03867596400891227	58.0	2.2432059125169115																										122_неопределенная_тема-здоровье	0.9279061697145397	0.007608925972285125	6	0.04565355583371075	141_микробиология-неопределенная_тема	0.7145643853824609	0.02022855247546884	10.0	0.2022855247546884																										215_творчество-власть	0.7148377739759215	0.03043690477868024	9.0	0.2739321430081221															
22	22																															96_наука-быт	0.9273669733059859	0.0077217450296313515	6	0.046330470177788116	16_воля-неволя	0.7123079155555219	0.020812870279254703	10.0	0.20812870279254705																										65_серьёзность-веселье	-0.7096422722982987	0.03224056833184755	9.0	0.2901651149866279															
23	23																															213_обозрение-сокрытие	0.9264165016743392	0.007922586764068278	6	0.04753552058440967	158_конец-начало	0.7088555247337424	0.02172927099325247	10.0	0.2172927099325247																										20_покой-беспокойство	0.6972146113221511	0.036833675670552186	9.0	0.3315030810349697															
24	24																															87_народ-власть	0.9259772169345618	0.008016259421407407	6	0.04809755652844444	270_древность-современность	0.7076297217852108	0.02206122958396414	10.0	0.22061229583964134																										30_стихийное_собрание-мероприятия	0.6919358870870184	0.038906108884796745	9.0	0.3501549799631707															
25	25																															281_домоседство-путешествие	0.9245260533909074	0.008329513177027613	6	0.04997707906216568	53_подчинение-неповиновение	-0.7067279264477184	0.022307663832113512	10.0	0.2230766383211351																										117_живая_природа-неживая_природа	0.6903394086560998	0.03954739783565478	9.0	0.355926580520893															
26	26																															14_изобилие-недостаток	-0.9224763476445609	0.008781919666309855	6	0.05269151799785912	1_иерархия-равенство	0.7026811184957882	0.02343691042688924	10.0	0.2343691042688924																										192_производство-наука	0.6869851049112939	0.040916929935982935	9.0	0.3682523694238464															
27	27																															40_уклад_жизни-дисциплина	-0.922341155053622	0.00881216808122855	6	0.0528730084873713	31_интеллект-культура	-0.7006330161996078	0.024023137238764505	10.0	0.24023137238764505																										82_суматоха-спокойствие	0.6843015256167546	0.042034352748197217	9.0	0.378309174733775															
28	28																															1_иерархия-равенство	-0.9208567060307422	0.009147628089312536	6	0.05488576853587522	279_соблюдение_закона-правонарушение	-0.6995463902437608	0.024338215537991537	10.0	0.24338215537991534																										153_прерывание-продолжение	0.6790586060833091	0.04427373781604478	9.0	0.39846364034440296															
29	29																															248_спор-согласие	0.9208266833557212	0.009154475536733207	6	0.05492685322039924	225_кража-находка	-0.6970601842773063	0.02506976943416263	10.0	0.2506976943416263																										207_фантастика-реальность	0.6738164254408351	0.04658800197886963	9.0	0.41929201780982667															
30	30																															155_поражение-победа	0.9207471890647888	0.00917261829031532	6	0.055035709741891925	163_человек-инструмент	-0.6920688905522552	0.026583707699722285	10.0	0.2658370769972229																										146_разум-чувство	0.6711756802308257	0.047782574178422264	9.0	0.4300431676058003															
31	31																															262_серьезность-шутка	-0.9192317076534492	0.00952182890681322	6	0.05713097344087933	115_наследство-собственность	-0.6914970655715633	0.026761051160837736	10.0	0.2676105116083773																										240_осторожность-риск	-0.6696215827231894	0.048494659067309945	9.0	0.4364519316057895															
32	32																															20_покой-беспокойство	-0.9165810748094876	0.010147831270153746	6	0.06088698762092248	9_трудности-отсутствие_проблем	-0.6898522556844163	0.02727567734859981	10.0	0.2727567734859981																																													
33	33																															140_шум-тишина	-0.913371588864962	0.010931671764288137	6	0.0655900305857288	160_победа-поражение	-0.6884306680183567	0.027725881266721143	10.0	0.2772588126672115																																													
34	34																															253_соблюдение_закона-правонарушение	0.9101395997209693	0.011749530814540431	6	0.0704971848872426	177_изыскание-решение	0.6871206109177064	0.028145238076884283	10.0	0.2814523807688428																																													
35	35																															52_близость-расстояние	0.9093971259729376	0.011941447077249878	6	0.07164868246349926	105_сущность-внешность	-0.6846250325596304	0.02895603762874753	10.0	0.2895603762874753																																													
36	36																															235_процесс-итог	-0.9086231604321056	0.012143104390575138	6	0.07285862634345082	241_нападение-оборона	-0.6839273851362279	0.029185518334297725	10.0	0.2918551833429773																																													
37	37																															53_подчинение-неповиновение	0.9084628076625748	0.012185088668828122	6	0.07311053201296873	103_познание-непостижимость	0.6804577044007599	0.03034526464322933	10.0	0.30345264643229336																																													
38	38																															86_доказательство-совпадение	0.9080534984736984	0.012292573536119938	6	0.07375544121671962	136_апатия-взбудораженность	-0.6801363393925403	0.030454244170114213	10.0	0.3045424417011421																																													
39	39																															290_статистика-отсутствие_системы	0.9079881922172576	0.012309765226321514	6	0.07385859135792908	242_отдых-работа	-0.671717146851843	0.033405091123039146	10.0	0.33405091123039143																																													
40	40																															166_порядочность-мошенничество	-0.9078705224635426	0.012340770785331063	6	0.07404462471198636	200_природа-техника	0.6713256932999659	0.03354682881987039	10.0	0.3354682881987039																																													
41	41																															193_порядок-беспорядок	-0.906966551863817	0.012580221112678784	6	0.0754813266760727	291_работа-санкция	-0.667629180993985	0.034905427728395014	10.0	0.34905427728395005																																													
42	42																															103_познание-непостижимость	-0.9066805779121052	0.012656435036224734	6	0.0759386102173484	7_чужбина-родной_дом	0.6648707638161662	0.03594318471136208	10.0	0.35943184711362075																																													
43	43																															229_закрытие-открытие	-0.9058202465030792	0.01288705994146287	6	0.07732235964877722	181_дополнение-устранение	0.6637941617716102	0.036353815990080834	10.0	0.3635381599008083																																													
44	44																															16_воля-неволя	-0.9042498434098176	0.013313215584932779	6	0.07987929350959667	165_улучшение-ухудшение	0.6568285813420802	0.03908742607748919	10.0	0.3908742607748919																																													
45	45																															2_неживая_природа-живая_природа	-0.9037762055584286	0.013443058973047031	6	0.0806583538382822	75_действующее_лицо-зритель	-0.6557466343679744	0.039524090007885856	10.0	0.3952409000788586																																													
46	46																															134_физическое-абстрактное	-0.9035869108304726	0.013495122492348672	6	0.08097073495409203	159_реальная_жизнь-выдуманная_жизнь	-0.6537492394924005	0.04033882787672129	10.0	0.40338827876721295																																													
47	47																															226_человек-транспорт	0.9021158553265941	0.013903029707177729	6	0.08341817824306635	126_путешествие-конец_движения	-0.6337315942404047	0.049135054014900335	10.0	0.4913505401490034																																													
48	48																															65_серьёзность-веселье	-0.8998762649490508	0.014535285157563062	6	0.08721171094537837	281_домоседство-путешествие	-0.6333414883022576	0.04931812067548042	10.0	0.4931812067548042																																													
49	49																															47_журналистика-литература	0.8976816151889889	0.015167989566563572	6	0.09100793739938144																																																		
50	50																															272_образование-невежество	-0.8940685515030778	0.01623785429098799	6	0.09742712574592792																																																		
51	51																															118_покой-беспокойство	0.8936045559940736	0.01637778804985454	6	0.09826672829912723																																																		
52	52																															11_приобретение-постоянное_местонахождение	0.8907328674047975	0.017256672517958545	6	0.10354003510775127																																																		
53	53																															199_уют-неуют	0.8881641237802332	0.01806151444467247	6	0.10836908666803484																																																		
54	54																															58_формирование-перестройка	0.8868475690268764	0.018480836925909964	6	0.1108850215554598																																																		
55	55																															119_окончание-процесс	-0.8857064896570666	0.018848001325134537	6	0.11308800795080726																																																		
56	56																															224_власть-отставка	0.8852057322343326	0.01901022228414381	6	0.11406133370486285																																																		
57	57																															162_история-одномоментное_происшествие	-0.8836114579781857	0.01953112244155596	6	0.11718673464933575																																																		
58	58																															121_несовременность-актуальность	0.8823902172729187	0.01993469864563314	6	0.11960819187379886																																																		
59	59																															288_радость-недовольство	0.8792312150216747	0.02099693676953029	6	0.12598162061718174																																																		
60	60																															139_свобода-неволя	-0.8791745641783877	0.02101622657530081	6	0.12609735945180486																																																		
61	61																															98_разрушение-поддержание	0.8790849486077208	0.021046758269198974	6	0.12628054961519386																																																		
62	62																															24_активность-пассивность	-0.8784627918383642	0.02125930859746976	6	0.12755585158481858																																																		
63	63																															181_дополнение-устранение	-0.8780784491407346	0.021391123175419104	6	0.12834673905251462																																																		
64	64																															141_микробиология-неопределенная_тема	-0.8770419016484329	0.021748557996510445	6	0.13049134797906267																																																		
65	65																															183_неживая_природа-живая_природа	0.8757634340022764	0.022193307922363414	6	0.13315984753418048																																																		
66	66																															102_фантастика-реальность	0.8756528963387203	0.022231963254213085	6	0.1333917795252785																																																		
67	67																															79_многообразие-единство	0.8729424486145297	0.02318984754560058	6	0.1391390852736035																																																		
68	68																															28_неисправность-отлаженность	0.8720132228432095	0.02352267162149884	6	0.14113602972899306																																																		
69	69																															239_радость-недовольство	-0.8705073794573807	0.02406682009743196	6	0.14440092058459175																																																		
70	70																															148_усталость-бодрость	-0.8693566537513218	0.024486636208628187	6	0.1469198172517691																																																		
71	71																															160_победа-поражение	-0.8691391193191668	0.024566386977048164	6	0.147398321862289																																																		
72	72																															256_фильм-жизнь	-0.8686164021698743	0.024758525841971902	6	0.14855115505183142																																																		
73	73																															50_проблема-взаимовыручка	-0.8678163814473971	0.025053973787180748	6	0.1503238427230845																																																		
74	74																															19_быстрое_явление-длительное_явление	0.8676640477470375	0.02511041957395025	6	0.15066251744370152																																																		
75	75																															123_отдых-работа	-0.8673390767391773	0.025231036315651642	6	0.15138621789390985																																																		
76	76																															173_отдых-работа	0.8649727838286764	0.026117591988376602	6	0.15670555193025965																																																		
77	77																															157_отсутствие_чувств-чувства	0.8620788085043798	0.027221596553706626	6	0.16332957932223974																																																		
78	78																															63_мир-война	-0.8577729518523729	0.0289042775527223	6	0.1734256653163338																																																		
79	79																															205_отдых-рабочий_процесс	0.8569325074571759	0.02923828642397078	6	0.1754297185438247																																																		
80	80																															285_опасность-безопасность	0.8567421766485387	0.029314179815524682	6	0.1758850788931481																																																		
81	81																															152_исчезнование-появление	0.8538036573567183	0.03049770159740197	6	0.1829862095844118																																																		
82	82																															42_деструктивная_коммуникация-конструктивная_коммуникация	0.8530157691948054	0.030818795738058687	6	0.18491277442835213																																																		
83	83																															153_прерывание-продолжение	-0.8529309642523446	0.03085345167235803	6	0.18512071003414815																																																		
84	84																															131_процесс-завершение	0.8520748446512066	0.0312043392299344	6	0.1872260353796064																																																		
85	85																															263_влияние-зависимость	-0.8516179993680901	0.03139234773142332	6	0.1883540863885399																																																		
86	86																															104_неподвижность-подвижность	0.8512486255828734	0.031544748383427614	6	0.1892684903005657																																																		
87	87																															59_увядание-расцвет	0.8512069207066255	0.031561977373332134	6	0.1893718642399929																																																		
88	88																															251_недостаток-достоинство	-0.8497149414112967	0.03218125923042478	6	0.19308755538254868																																																		
89	89																															54_реальность-когнитивные_процессы	-0.84670377375602	0.03344838927913117	6	0.20069033567478706																																																		
90	90																															90_отдых-напряжение	0.8463839197704464	0.03358434169974254	6	0.20150605019845524																																																		
91	91																															282_путешествие-домоседство	-0.8451337318678298	0.03411821921308121	6	0.20470931527848726																																																		
92	92																															130_размеренная_жизнь-напряжённая_жизнь	0.8425004469826091	0.035255688245413266	6	0.21153412947247965																																																		
93	93																															69_труд-месть	-0.8415292017008194	0.03567965277378568	6	0.21407791664271408																																																		
94	94																															68_власть-народ	-0.8398891412258115	0.036400970718981886	6	0.21840582431389133																																																		
95	95																															85_направление-дезориентация	-0.8376796383929859	0.03738344937741747	6	0.22430069626450486																																																		
96	96																															192_производство-наука	-0.8329453173893883	0.03952988065908348	6	0.2371792839545009																																																		
97	97																															273_жар-холод	0.8327602990799554	0.03961490291755304	6	0.2376894175053182																																																		
98	98																															49_развитие-откат	-0.8324211960426482	0.03977095439034895	6	0.2386257263420937																																																		
99	99																															120_усталость-покой	0.8278441644335348	0.0419053019529333	6	0.2514318117175998																																																		
100	100																															124_сражение-тыл	-0.8262605624025694	0.042655891734790834	6	0.2559353504087449																																																		
101	101																															243_проблема-решение_проблем	-0.8252397526515171	0.043143027135424034	6	0.2588581628125441																																																		
102	102																															198_обучение-достижение	-0.8247154918998579	0.04339420981947265	6	0.2603652589168359																																																		
103	103																															77_природные_процессы-военные_процессы	0.8224062596922692	0.044508692758863	6	0.26705215655317804																																																		
104	104																															170_спокойствие-суматоха	0.8211114620940597	0.04513934769152372	6	0.2708360861491423																																																		
105	105																															9_трудности-отсутствие_проблем	0.8200800483990364	0.04564467209849781	6	0.27386803259098685																																																		
106	106																															182_светское_общество-религия	0.8179502146234553	0.046696428220534936	6	0.2801785693232096																																																		
107	107																															265_радость-недовольство	-0.817902771547334	0.046719983441084335	6	0.280319900646506																																																		
108	108																															71_изобилие-недостаток	0.8178981959228223	0.04672225550494687	6	0.2803335330296812																																																		
109	109																															34_духовное_наслаждение-физическое_наслаждение	-0.8164987542451934	0.047419568931370816	6	0.2845174135882249																																																		
110	110																															186_движение-неподвижность	0.8134993546115743	0.04893025761074009	6	0.2935815456644405																																																		
111	111																															218_трусость-мужество	0.8129124764791337	0.04922841762168622	6	0.2953705057301173																																																		
