	Unnamed: 0	я_PRON	я_PRON.1	я_PRON.2	я_PRON.3	я_PRON.4	свой_DET	свой_DET.1	свой_DET.2	свой_DET.3	свой_DET.4	они_PRON	они_PRON.1	они_PRON.2	они_PRON.3	они_PRON.4	хотеть_VERB	хотеть_VERB.1	хотеть_VERB.2	хотеть_VERB.3	хотеть_VERB.4	очень_ADV	очень_ADV.1	очень_ADV.2	очень_ADV.3	очень_ADV.4	думать_VERB	думать_VERB.1	думать_VERB.2	думать_VERB.3	думать_VERB.4	мой_DET	мой_DET.1	мой_DET.2	мой_DET.3	мой_DET.4	мы_PRON	мы_PRON.1	мы_PRON.2	мы_PRON.3	мы_PRON.4	жизнь_NOUN	жизнь_NOUN.1	жизнь_NOUN.2	жизнь_NOUN.3	жизнь_NOUN.4	потом_ADV	потом_ADV.1	потом_ADV.2	потом_ADV.3	потом_ADV.4	знать_VERB	знать_VERB.1	знать_VERB.2	знать_VERB.3	знать_VERB.4	первый_ADJ	первый_ADJ.1	первый_ADJ.2	первый_ADJ.3	первый_ADJ.4	день_NOUN	день_NOUN.1	день_NOUN.2	день_NOUN.3	день_NOUN.4	жить_VERB	жить_VERB.1	жить_VERB.2	жить_VERB.3	жить_VERB.4	ничто_PRON	ничто_PRON.1	ничто_PRON.2	ничто_PRON.3	ничто_PRON.4
	Unnamed: 0	Dim	Pearson C	P-value	Occ	P-Bonferroni	Dim.1	Pearson C.1	P-value.1	Occ.1	P-Bonferroni.1	Dim.2	Pearson C.2	P-value.2	Occ.2	P-Bonferroni.2	Dim.3	Pearson C.3	P-value.3	Occ.3	P-Bonferroni.3	Dim.4	Pearson C.4	P-value.4	Occ.4	P-Bonferroni.4	Dim.5	Pearson C.5	P-value.5	Occ.5	P-Bonferroni.5	Dim.6	Pearson C.6	P-value.6	Occ.6	P-Bonferroni.6	Dim.7	Pearson C.7	P-value.7	Occ.7	P-Bonferroni.7	Dim.8	Pearson C.8	P-value.8	Occ.8	P-Bonferroni.8	Dim.9	Pearson C.9	P-value.9	Occ.9	P-Bonferroni.9	Dim.10	Pearson C.10	P-value.10	Occ.10	P-Bonferroni.10	Dim.11	Pearson C.11	P-value.11	Occ.11	P-Bonferroni.11	Dim.12	Pearson C.12	P-value.12	Occ.12	P-Bonferroni.12	Dim.13	Pearson C.13	P-value.13	Occ.13	P-Bonferroni.13	Dim.14	Pearson C.14	P-value.14	Occ.14	P-Bonferroni.14
0	0	68_власть-народ	-0.7569501789364866	6.225228368493408e-12	58	3.610632453726176e-10	277_неживая_природа-живая_природа	-0.39698556615590014	0.014982660671324416	37.0	0.5543584448390034	55_армия-гражданская_жизнь	0.5460560830375568	0.00264737124103571	28.0	0.07412639474899987	45_наука-быт	-0.9983836656790356	7.798755893313321e-05	5.0	0.0003899377946656661	297_юмор-суровость	-0.7502371257667256	0.004943215802919782	12.0	0.059318589635037375	59_увядание-расцвет	-0.8738099332938323	0.02288117832329512	6.0	0.13728706993977075	296_равенство-иерархия	0.5967925148499054	0.018840580360220044	15.0	0.28260870540330063	272_образование-невежество	-0.9996468352230512	0.00035316477694891096	4.0	0.0014126591077956439	8_застой-работа	-0.541442220446273	0.037110635765081085	15.0	0.5566595364762164	277_неживая_природа-живая_природа	0.7363356214377119	0.0026725316603185183	14.0	0.037415443244459265	30_стихийное_собрание-мероприятия	0.9989541474389206	0.0010458525610793632	4.0	0.004183410244317454	16_воля-неволя	-0.4146606028957568	0.02531474189519132	29.0	0.7341275149605483	61_единство-разрозренность	-0.6005443009845471	0.013897765858354559	16.0	0.2223642537336729	23_мир-конфликт	-0.7146243876509515	0.02021317137322547	10.0	0.2021317137322547	263_влияние-зависимость	-0.9758930220195596	0.004476837496711971	5.0	0.02238418748355985
1	1	23_мир-конфликт	0.7184157619079844	2.1646611951310527e-10	58	1.2555034931760106e-08	43_энергия-покой	-0.3858351378022545	0.018347267840653242	37.0	0.6788489101041699	80_сон-бодрствование	-0.5103364458757121	0.005525992910892944	28.0	0.15472780150500245	245_любовь-ненависть	0.9961376807399446	0.00028797470675939496	5.0	0.0014398735337969749	266_мир-война	0.7347370084230157	0.0064913319763415045	12.0	0.07789598371609806	179_работа-искусство	0.8737522282751271	0.022901649751915457	6.0	0.13740989851149274	62_жизнь-смерть	-0.5863483002947709	0.021599627427123274	15.0	0.3239944114068491	235_процесс-итог	-0.9995597827878742	0.0004402172121258374	4.0	0.0017608688485033497											226_человек-транспорт	-0.9983351850812106	0.001664814918789448	4.0	0.006659259675157792	133_торможение-развитие	0.39894216193207815	0.032050696583398014	29.0	0.9294702009185424	186_движение-неподвижность	-0.5954342632008853	0.014951154798238409	16.0	0.2392184767718145	276_начало-конец	-0.6766036202079725	0.031669859226359585	10.0	0.3166985922635959	246_чистота-беспорядок	-0.9571695712606312	0.010571886853360038	5.0	0.05285943426680019
2	2	211_больница-дом	0.7125597736850157	3.527845469036113e-10	58	2.0461503720409455e-08	101_фиксация-пересмотр	0.3779007182151254	0.021108579182453808	37.0	0.7810174297507909	251_недостаток-достоинство	-0.5083693311466004	0.0057416765512518465	28.0	0.16076694343505168	166_порядочность-мошенничество	0.9954400451190666	0.00036938342037229533	5.0	0.0018469171018614765	102_фантастика-реальность	0.6857420064661145	0.01382295976277993	12.0	0.1658755171533592	172_наука-быт	0.8734447193041494	0.023010888792283562	6.0	0.1380653327537014	241_нападение-оборона	0.5844929861966647	0.02212037396973184	15.0	0.33180560954597754	159_реальная_жизнь-выдуманная_жизнь	0.9990676115544947	0.0009323884455051391	4.0	0.0037295537820205564											141_микробиология-неопределенная_тема	-0.9978509020453096	0.0021490979546903155	4.0	0.008596391818761262	242_отдых-работа	-0.3913824667340286	0.03577033216171554	29.0	1.0373396326897506	140_шум-тишина	-0.5572989082144274	0.02491305179733038	16.0	0.3986088287572861	235_процесс-итог	0.6750519436235574	0.03221406850316332	10.0	0.3221406850316332	119_окончание-процесс	0.9091243693314072	0.032433565545849384	5.0	0.16216782772924695
3	3	244_смерть-жизнь	0.7099453424953055	4.370499474581442e-10	58	2.5348896952572367e-08	119_окончание-процесс	0.3758737441599543	0.02186699135357288	37.0	0.8090786800821965	277_неживая_природа-живая_природа	-0.5060903347690974	0.006000439602102324	28.0	0.16801230885886506	172_наука-быт	-0.9951809876873676	0.00040128851652419865	5.0	0.002006442582620993	117_живая_природа-неживая_природа	-0.6550554746043183	0.02077717525970032	12.0	0.24932610311640385	147_рассудительность-беспокойство	-0.8603489447072262	0.02789185929210884	6.0	0.16735115575265302	142_равенство-иерархия	0.5813477939374636	0.02302497131150593	15.0	0.345374569672589	113_скрытность-прозрачность	-0.9982696644607184	0.0017303355392815911	4.0	0.0069213421571263645											266_мир-война	-0.9971889677010936	0.0028110322989064467	4.0	0.011244129195625785	41_развлечение-когнитивная-способность	0.3683353944953257	0.04929383971597009	29.0	1.4295213517631324						71_изобилие-недостаток	0.6653761454568747	0.035751511624188444	10.0	0.3575151162418844	80_сон-бодрствование	0.9051568943696674	0.034559351102550026	5.0	0.17279675551275014
4	4	148_усталость-бодрость	-0.6876195789402205	2.4854179372851786e-09	58	1.4415424036254035e-07	54_реальность-когнитивные_процессы	-0.3747514758150543	0.02229655883755753	37.0	0.8249726769896288	142_равенство-иерархия	0.4984526300944344	0.0069408634821156966	28.0	0.19434417749923952	255_голод-неопределенная_тема	0.9948577038174852	0.0004423175936986032	5.0	0.002211587968493016	155_поражение-победа	0.6485077370620038	0.022540962547646103	12.0	0.2704915505717532	204_столкновение-мир	0.8554990375545011	0.02981216401465852	6.0	0.1788729840879511	272_образование-невежество	-0.5658589052327803	0.027897237320746025	15.0	0.4184585598111904	9_трудности-отсутствие_проблем	0.9972709792002984	0.0027290207997017197	4.0	0.010916083198806879											51_творческая_реализация - эмоциональное_переживание	0.9967430386586584	0.003256961341341569	4.0	0.013027845365366277											81_религия-наука	-0.642476835469571	0.045149217439944635	10.0	0.4514921743994463	71_изобилие-недостаток	0.9013835277165112	0.0366207491898098	5.0	0.183103745949049
5	5	198_обучение-достижение	-0.6781131735092985	4.976067482234009e-09	58	2.8861191396957256e-07	180_потребление-вывод	0.3733510628385168	0.02284240730502785	37.0	0.8451690702860304	245_любовь-ненависть	-0.4860564260959772	0.008731219711359536	28.0	0.24447415191806696	244_смерть-жизнь	0.9927750223975124	0.0007364061220051611	5.0	0.003682030610025805	22_деятельность_наверху-деятельность_в_земле	-0.6450085066822662	0.023526995019491258	12.0	0.2823239402338951						79_многообразие-единство	0.5631079445883884	0.02883831543051098	15.0	0.4325747314576648	91_здоровье-болезнь	0.9970696461459778	0.002930353854022183	4.0	0.011721415416088732											153_прерывание-продолжение	0.9958479745570286	0.004152025442971441	4.0	0.016608101771885764											237_низшие_слои-высшие_слои	-0.6393705812326446	0.046539213610900285	10.0	0.4653921361090029	32_разруха-реализация	-0.8945432515822744	0.040453257447924065	5.0	0.20226628723962028
6	6	233_неопределенная_тема-часть_целого	-0.6772043441114873	5.310392368475711e-09	58	3.0800275737159124e-07	14_изобилие-недостаток	-0.3701321551257592	0.0241392416399743	37.0	0.8931519406790492	43_энергия-покой	0.4854875157975062	0.008821916433323158	28.0	0.24701366013304846	41_развлечение-когнитивная-способность	0.992733864191764	0.0007427030565418933	5.0	0.003713515282709466	133_торможение-развитие	0.6358038890225429	0.026270000484070258	12.0	0.3152400058088431						76_мир-война	0.5617633341931074	0.02930692231123424	15.0	0.4396038346685137	292_экстрим-повседневность	-0.9970141527959908	0.0029858472040091844	4.0	0.011943388816036736											185_беда-счастье	-0.9948273630563632	0.005172636943636899	4.0	0.0206905477745476											177_изыскание-решение	0.6381515740982479	0.04709241762565481	10.0	0.4709241762565481	266_мир-война	-0.8943614698793572	0.040556754118160634	5.0	0.2027837705908032
7	7	266_мир-война	0.6748801416431406	6.2646492404613825e-09	58	3.6334965594676007e-07	212_наука-быт	-0.3690769663474937	0.02457741078995837	37.0	0.9093641992284598	231_злость-радость	0.4845106458913656	0.0089794967534425	28.0	0.25142590909638995	259_процесс-итог	-0.9926733005590476	0.0007520012357939537	5.0	0.003760006178969769	256_фильм-жизнь	-0.6343275851378355	0.026730551129518252	12.0	0.3207666135542191						172_наука-быт	-0.5614343200168591	0.02942245617774778	15.0	0.4413368426662167	289_недовольство-радость	-0.9964346975995068	0.003565302400493131	4.0	0.014261209601972524											241_нападение-оборона	-0.9943070799377977	0.0056929200622023455	4.0	0.022771680248809382											148_усталость-бодрость	0.6321204333300574	0.049894065088981816	10.0	0.4989406508898182	229_закрытие-открытие	-0.8877589596241359	0.04437221099181842	5.0	0.2218610549590921
8	8	199_уют-неуют	-0.6708188639917927	8.33247908879375e-09	58	4.832837871500374e-07	83_речь-текст	0.3641200076885914	0.02672490922841611	37.0	0.988821641451396	143_неважность-значимость	0.4736999208225297	0.01088698087083456	28.0	0.3048354643833677	293_соблюдение_закона-правонарушение	-0.9885578155973904	0.0014667310123474876	5.0	0.007333655061737438	276_начало-конец	-0.6067437292978377	0.036448335127425964	12.0	0.4373800215291115						148_усталость-бодрость	0.5606993978692104	0.02968176616825827	15.0	0.445226492523874	193_порядок-беспорядок	-0.9963308755681404	0.0036691244318597374	4.0	0.014676497727438953											175_нематериальное-материальное	-0.9935510917336536	0.006448908266346476	4.0	0.025795633065385903																				
9	9	82_суматоха-спокойствие	-0.6682801208528178	9.936608467275427e-09	58	5.763232911019749e-07	58_формирование-перестройка	0.3569470958260812	0.03010471646438603	37.0	1.113874509182283	4_праздник-быт	-0.4633030291597088	0.013029795671341349	28.0	0.3648342787975577	190_погода-животное	-0.9879034605998224	0.0015941749640972804	5.0	0.0079708748204864	234_холодное_отношение-тёплое_отношение	-0.6015190093120792	0.038539281634220164	12.0	0.4624713796106419						48_отдаление-приближение	-0.558721360304588	0.03038826168749938	15.0	0.4558239253124908	259_процесс-итог	0.995993603559296	0.0040063964407041075	4.0	0.01602558576281643											57_улица-дом	-0.9920157785126869	0.007984221487313148	4.0	0.031936885949252584																				
10	10	40_уклад_жизни-дисциплина	-0.6637061063572006	1.35879328014936e-08	58	7.881001024866288e-07	17_полемика-консенсус	-0.3542857347484685	0.031444807604728585	37.0	1.163457881374958	113_скрытность-прозрачность	-0.4616361409199536	0.01340394469676306	28.0	0.3753104515093657	205_отдых-рабочий_процесс	0.9863716363450401	0.0019059417580602168	5.0	0.009529708790301085	271_бюрократия-творчество	-0.5883520277072639	0.04418533296372831	12.0	0.5302239955647398						268_отдых-работа	0.5579686817222496	0.030660397237619975	15.0	0.4599059585642997	36_спокойствие-деятельность	0.9954714772388829	0.0045285227611172605	4.0	0.018114091044469042											46_идея-реализация	0.990970571766536	0.009029428233463864	4.0	0.03611771293385546																				
11	11	49_развитие-откат	-0.6622064557531421	1.5038548189725624e-08	58	8.722357950040863e-07	52_близость-расстояние	0.3537539183021535	0.03171837499970912	37.0	1.1735798749892372	182_светское_общество-религия	-0.457691601827784	0.014325014261193562	28.0	0.4011003993134197	188_страх-надёжность	-0.9850036706071968	0.002199540562210003	5.0	0.010997702811050015	160_победа-поражение	0.5832621768289022	0.04651680309801813	12.0	0.5582016371762175						56_протест-мир	-0.5579521249947881	0.03066640398465027	15.0	0.4599960597697541	228_народ-власть	0.994696332448429	0.005303667551570968	4.0	0.02121467020628387											193_порядок-беспорядок	0.9908174077081768	0.009182592291823277	4.0	0.036730369167293116																				
12	12	35_кончина-вечное_искусство	-0.6596395241461981	1.7866362774073863e-08	58	1.036249040896284e-06	60_восстание-смирение	-0.3528519532161311	0.03218680704617583	37.0	1.190911860708506	167_дополнение-устранение	-0.4555427139272039	0.014848486762928725	28.0	0.4157576293620043	119_окончание-процесс	0.9840237930879868	0.0024182482025055267	5.0	0.012091241012527629											152_исчезнование-появление	-0.5563144061629838	0.031264958124690864	15.0	0.4689743718703629	14_изобилие-недостаток	-0.9946193187210582	0.005380681278941757	4.0	0.021522725115767027											223_бытовые_ситуации-глобальные_происшествия	0.9888873481852116	0.011112651814788377	4.0	0.044450607259153514																				
13	13	251_недостаток-достоинство	-0.6542926883553764	2.544601408825004e-08	58	1.4758688171185022e-06	146_разум-чувство	-0.3470857633825092	0.035317151813379535	37.0	1.3067346170950431	240_осторожность-риск	0.4538001059496186	0.015284537943625682	28.0	0.4279670624215191	204_столкновение-мир	-0.9830783154788488	0.002635686928207482	5.0	0.01317843464103741											157_отсутствие_чувств-чувства	0.5545208850364771	0.03193049668744343	15.0	0.4789574503116515	194_контроль-бесконтрольность	0.9944275016586503	0.005572498341349652	4.0	0.022289993365398608											267_неволя-свобода	-0.988223586502988	0.011776413497011862	4.0	0.04710565398804745																				
14	14	117_живая_природа-неживая_природа	-0.6440132849206366	4.926052368963885e-08	58	2.8571103739990533e-06	72_недостаток-достоинство	-0.34692458201787346	0.0354080993335446	37.0	1.3100996753411502	156_физический_труд-умственный_труд	-0.4537648245508136	0.015293474669217598	28.0	0.4282172907380927	54_реальность-когнитивные_процессы	0.9826867219484196	0.0027275437978072524	5.0	0.013637718989036264											53_подчинение-неповиновение	0.5543232551084715	0.032004479405914284	15.0	0.4800671910887142	79_многообразие-единство	0.9927036988162256	0.007296301183774445	4.0	0.02918520473509778											67_неизменность-изменение	0.9876824340451708	0.012317565954829137	4.0	0.04927026381931654																				
15	15	197_проблема-решение_проблем	0.6320279997937512	1.0321176550685485e-07	58	5.986282399397581e-06	92_жизнь-смерть	0.34654292768411915	0.0356242120510698	37.0	1.3180958458895824	45_наука-быт	0.4511087897268822	0.015978775882145968	28.0	0.4474057247000872	180_потребление-вывод	0.982586801139312	0.002751148735059835	5.0	0.013755743675299177											279_соблюдение_закона-правонарушение	0.5524652343479496	0.03270634611920395	15.0	0.4905951917880592	160_победа-поражение	0.9911800910355408	0.008819908964458945	4.0	0.03527963585783578											211_больница-дом	0.9858078142215791	0.014192185778420853	4.0	0.05676874311368341																				
16	16	136_апатия-взбудораженность	-0.616890192288069	2.5139028196368086e-07	58	1.4580636353893493e-05	219_соблюдение_закона-правонарушение	-0.344584510107505	0.0367501592797633	37.0	1.359755893351242	213_обозрение-сокрытие	-0.4472640629949699	0.017015589542043123	28.0	0.4764365071772074	46_идея-реализация	-0.9811899918511592	0.0030880773304463307	5.0	0.015440386652231653											295_прощение-мстительность	0.5491723438841295	0.03397855647741986	15.0	0.5096783471612979	19_быстрое_явление-длительное_явление	0.9905887792182064	0.009411220781793572	4.0	0.03764488312717429											19_быстрое_явление-длительное_явление	-0.9853508782616094	0.014649121738390612	4.0	0.05859648695356245																				
17	17	71_изобилие-недостаток	0.603862194556595	5.213483704394251e-07	58	3.023820548548666e-05	65_серьёзность-веселье	-0.3437301775514864	0.03725033443102187	37.0	1.378262373947809	253_соблюдение_закона-правонарушение	0.4456723424070693	0.017460776485741892	28.0	0.4889017416007729	217_завоевание-бегство	-0.9798492386133902	0.003423371077060146	5.0	0.017116855385300733											11_приобретение-постоянное_местонахождение	0.5487714603295452	0.03413593509688551	15.0	0.5120390264532827	151_забытье-сознание	0.9897026096291136	0.010297390370886285	4.0	0.04118956148354514											218_трусость-мужество	0.9850132702577414	0.014986729742258563	4.0	0.059946918969034264																				
18	18	91_здоровье-болезнь	0.5980122650368427	7.158618389479162e-07	58	4.151998665897914e-05	61_единство-разрозренность	-0.3432192389673754	0.037552105386287976	37.0	1.3894278992926552	266_мир-война	0.4443925256784509	0.017825653023281682	28.0	0.4991182846518871	174_праздник-быт	0.9766121497478241	0.0042784833460406645	5.0	0.02139241673020332											221_получение_денег-отсутствие_денег	0.5483042438033218	0.03432004362437808	15.0	0.5148006543656712	2_неживая_природа-живая_природа	-0.989622129489242	0.010377870510758114	4.0	0.041511482043032455											164_устранение-дополнение	-0.9839638195202416	0.016036180479758518	4.0	0.06414472191903409																				
19	19	187_гармония-конфликт	0.5966784106026471	7.688563555964479e-07	58	4.4593668624593976e-05	293_соблюдение_закона-правонарушение	0.3414922917735765	0.03858683162790156	37.0	1.4277127702323578	33_абстрактная_работа-конкретная_работа	-0.44245044310884707	0.01839132377670816	28.0	0.5149570657478284	194_контроль-бесконтрольность	-0.9745586068369504	0.0048526711837902844	5.0	0.02426335591895142											137_вертикальные_отношения-горизонтальные_отношения	-0.5480450034700132	0.03442251883641085	15.0	0.5163377825461627	121_несовременность-актуальность	0.9893026782192414	0.01069732178075855	4.0	0.0427892871230342											132_правонарушение-соблюдение_закона	-0.9838261038826608	0.016173896117339326	4.0	0.0646955844693573																				
20	20	279_соблюдение_закона-правонарушение	0.5907598155311886	1.0514660003295144e-06	58	6.098502801911182e-05	273_жар-холод	0.34017224951107644	0.0393932776727304	37.0	1.4575512738910246	36_спокойствие-деятельность	0.4418051129468499	0.01858252758978103	28.0	0.5203107725138689	78_популярность-безвестность	-0.9741245477525468	0.004977060695653287	5.0	0.024885303478266438											25_скрытность-прозрачность	-0.5464950581780281	0.03503998886493141	15.0	0.5255998329739712	61_единство-разрозренность	0.9891367128429476	0.010863287157052315	4.0	0.04345314862820926											213_обозрение-сокрытие	-0.9822517805598924	0.017748219440107516	4.0	0.07099287776043006																				
21	21	191_техническое_взаимодействие-животные_взаимоотношения	0.5756044539874055	2.279669468097754e-06	58	0.00013222082914966974	248_спор-согласие	0.3375590482805571	0.04103009451519332	37.0	1.5181134970621526	272_образование-невежество	-0.44176840008299584	0.01859345416690534	28.0	0.5206167166733494	70_единство-разрозренность	-0.9740116330179144	0.00500958881559129	5.0	0.025047944077956456											95_доброта-злость	0.5460949992536271	0.03520070320436699	15.0	0.5280105480655048	8_застой-работа	0.9888280086107192	0.011171991389280713	4.0	0.04468796555712285											35_кончина-вечное_искусство	-0.9800909835773508	0.0199090164226492	4.0	0.07963606569059678																				
22	22	164_устранение-дополнение	0.571994519224835	2.725603990246033e-06	58	0.00015808503143426993	215_творчество-власть	-0.337466869339507	0.041088822892685915	37.0	1.5202864470293789	48_отдаление-приближение	-0.4404190407219906	0.018998737081293408	28.0	0.5319646382762154	146_разум-чувство	-0.973659173702412	0.0051115725142163405	5.0	0.02555786257108171											195_болезнь-работа	-0.5448992620166662	0.03568435362712512	15.0	0.5352653044068768	297_юмор-суровость	-0.9878864761647216	0.012113523835278528	4.0	0.04845409534111411											298_очевидный-скрытый	-0.9796872769121412	0.020312723087858697	4.0	0.08125089235143479																				
23	23	93_учёба-отдых	0.5508381935666463	7.451239100144908e-06	58	0.00043217186780840464	249_порыв-покой	-0.3348564551733143	0.04278042183347198	37.0	1.5828756078384632	199_уют-неуют	-0.4384871258070914	0.019591610811362032	28.0	0.5485651027181369	13_личные_отношения-иерархические_отношения	0.9733780373166058	0.00519340348256016	5.0	0.0259670174128008											162_история-одномоментное_происшествие	0.5446198696965221	0.03579807500083956	15.0	0.5369711250125934	140_шум-тишина	-0.9873072061290272	0.012692793870972665	4.0	0.05077117548389065											297_юмор-суровость	0.9794258289346534	0.020574171065346647	4.0	0.08229668426138659																				
24	24	61_единство-разрозренность	-0.5379189091115592	1.3323778522538075e-05	58	0.0007727791543072082	159_реальная_жизнь-выдуманная_жизнь	0.33480854395149073	0.042811987375420704	37.0	1.584043532890566	194_контроль-бесконтрольность	0.43796995935229466	0.019752873422282484	28.0	0.5530804558239095	167_дополнение-устранение	-0.9729585027955568	0.005316312312177044	5.0	0.02658156156088522											213_обозрение-сокрытие	-0.544563875720058	0.03582089887082169	15.0	0.5373134830623253	298_очевидный-скрытый	0.9872109021158996	0.012789097884100431	4.0	0.051156391536401724											29_негативные_чувства-духовные_чувства	0.979197024496574	0.020802975503425917	4.0	0.08321190201370365																				
25	25	246_чистота-беспорядок	0.5302912766302438	1.857085943210676e-05	58	0.001077109847062192	33_абстрактная_работа-конкретная_работа	0.3345364642685519	0.04299159994196167	37.0	1.5906891978525817	186_движение-неподвижность	-0.4352786268440562	0.020609775764613904	28.0	0.5770737214091893	140_шум-тишина	0.9716835123918044	0.005695602058162385	5.0	0.028478010290811918											89_апатия-взбудораженность	-0.542209078700764	0.03679063805883776	15.0	0.5518595708825663	279_соблюдение_закона-правонарушение	0.986531558344344	0.013468441655655859	4.0	0.053873766622623435											77_природные_процессы-военные_процессы	0.978411868120482	0.021588131879518132	4.0	0.08635252751807254																				
26	26	284_учеба-производство	0.5257344384228225	2.2559638273600475e-05	58	0.0013084590198688276	244_смерть-жизнь	0.3339278983311276	0.0433955477293535	37.0	1.6056352659860795	176_животное-человек	0.4337402908294382	0.021113106460556388	28.0	0.5911669808955788	81_религия-наука	-0.971537371593846	0.005739624217357622	5.0	0.02869812108678811											270_древность-современность	-0.5409882490635248	0.03730104775069287	15.0	0.559515716260393	190_погода-животное	-0.9865203733803672	0.013479626619632756	4.0	0.05391850647853103											52_близость-расстояние	-0.97751303912199	0.022486960878009943	4.0	0.08994784351203977																				
27	27	53_подчинение-неповиновение	0.5225016357384795	2.5855125276404778e-05	58	0.0014995972660314773	224_власть-отставка	-0.33062659260271043	0.04564060259817492	37.0	1.6887022961324718	250_быт-война	-0.43214276339780733	0.02164641862684693	28.0	0.6060997215517139	107_мир-драка	0.9711456720082792	0.0058581655644123366	5.0	0.02929082782206168											116_смерть-жизнь	0.5371889240379073	0.038923348513905255	15.0	0.5838502277085789	110_негативные_эмоции-положительные_эмоции	0.9863769189334812	0.013623081066518659	4.0	0.054492324266074636											282_путешествие-домоседство	-0.9747010380144504	0.025298961985549484	4.0	0.10119584794219794																				
28	28	81_религия-наука	0.5200334615239389	2.866495639179601e-05	58	0.0016625674707241686	74_тёплые_чувства-холодные_чувства	-0.33048536286833585	0.04573869400985986	37.0	1.6923316783648148	47_журналистика-литература	0.4319374302379955	0.021715758859368443	28.0	0.6080412480623164	102_фантастика-реальность	0.9710622918041648	0.005883502074956851	5.0	0.029417510374784257											237_низшие_слои-высшие_слои	-0.5350468899774756	0.03986085595280415	15.0	0.5979128392920622	147_рассудительность-беспокойство	0.9853701835284951	0.01462981647150474	4.0	0.058519265886018974											110_негативные_эмоции-положительные_эмоции	-0.9740968777942186	0.025903122205781396	4.0	0.10361248882312556																				
29	29	283_героизм-малодушие	-0.518685073267185	3.0316701488287867e-05	58	0.0017583686863206962	289_недовольство-радость	-0.3273463048295699	0.047963123702100686	37.0	1.7746355769777251	284_учеба-производство	0.4311354609460383	0.02198832468578828	28.0	0.6156730912020718	120_усталость-покой	-0.969528402664914	0.006355966992476435	5.0	0.03177983496238217											299_веселье-грусть	0.5321228605073394	0.041167623737714855	15.0	0.6175143560657228	278_физический_труд-умственный_труд	-0.9853552611085228	0.014644738891477329	4.0	0.058578955565909314											50_проблема-взаимовыручка	-0.9736299909626984	0.026370009037301582	4.0	0.10548003614920633																				
30	30	219_соблюдение_закона-правонарушение	0.5130836406766417	3.816454274223841e-05	58	0.002213543479049828	292_экстрим-повседневность	-0.32561215887808864	0.049228769965966465	37.0	1.821464488740759	27_труд-фортуна	0.4301536088846067	0.022325831680588833	28.0	0.6251232870564872	52_близость-расстояние	0.9668367579722869	0.00721351723945098	5.0	0.0360675861972549											275_жизненный_процесс-кончина	-0.5314300009095446	0.04148187807040584	15.0	0.6222281710560876	62_жизнь-смерть	-0.9851766282031832	0.014823371796816696	4.0	0.059293487187266784											89_апатия-взбудораженность	-0.9735306163626424	0.026469383637357517	4.0	0.10587753454943004																				
31	31	167_дополнение-устранение	-0.5130029793321741	3.829014191324715e-05	58	0.002220828230968335						139_свобода-неволя	-0.4288945011909272	0.022764830892046273	28.0	0.6374152649772956	147_рассудительность-беспокойство	-0.9666102607920604	0.007287292901507677	5.0	0.03643646450753838											276_начало-конец	-0.5288525188357337	0.04266658787287066	15.0	0.6399988180930599	155_поражение-победа	0.9847858165437692	0.015214183456230712	4.0	0.06085673382492285											87_народ-власть	-0.9732175205081456	0.026782479491854302	4.0	0.10712991796741722																				
32	32	157_отсутствие_чувств-чувства	0.5121977194528025	3.956511366153128e-05	58	0.0022947765923688143						82_суматоха-спокойствие	-0.4282558236592081	0.022990192977868282	28.0	0.6437254033803117	62_жизнь-смерть	-0.9660986937825308	0.007454828118221374	5.0	0.03727414059110688											227_иерархия-равенство	0.5284176062538344	0.04286893926809009	15.0	0.6430340890213513	296_равенство-иерархия	0.9843376746014656	0.015662325398534294	4.0	0.06264930159413717											260_быт-искусство	-0.9723948264409128	0.027605173559087315	4.0	0.11042069423634926																				
33	33	47_журналистика-литература	0.5051136126757491	5.259282889438484e-05	58	0.0030503840758743204						61_единство-разрозренность	-0.4276537255279488	0.02320431321132609	28.0	0.6497207699171305	105_сущность-внешность	0.9648595747789336	0.007865781121392594	5.0	0.03932890560696296											154_знание-сомнение	0.5257723914516316	0.04411504123798711	15.0	0.6617256185698066	162_история-одномоментное_происшествие	0.9828538309647471	0.017146169035253008	4.0	0.06858467614101205											162_история-одномоментное_происшествие	-0.9710879042632324	0.02891209573676745	4.0	0.1156483829470698																				
34	34	260_быт-искусство	0.5036855211536615	5.565661072400029e-05	58	0.0032280834219920174						22_деятельность_наверху-деятельность_в_земле	-0.4276300769124568	0.023212756332002985	28.0	0.6499571772960836	109_убожество-роскошь	0.9638583532430128	0.008203085661217023	5.0	0.04101542830608512											150_безопасность-опасность	-0.5254987168067048	0.04424547764840326	15.0	0.6636821647260489	111_нежелание-желание	0.9826811531434512	0.01731884685654872	4.0	0.06927538742619488											24_активность-пассивность	-0.9707103694650412	0.029289630534958918	4.0	0.11715852213983567																				
35	35	95_доброта-злость	0.5004927532313068	6.311010770243326e-05	58	0.003660386246741129						79_многообразие-единство	0.4274680569474352	0.02327066881539033	28.0	0.6515787268309291	144_физический_труд-искусство	-0.9633444090460224	0.008378027733420789	5.0	0.04189013866710395											19_быстрое_явление-длительное_явление	0.5227603354471404	0.045566394507228936	15.0	0.6834959176084341	59_увядание-расцвет	0.9803067721257324	0.019693227874267527	4.0	0.07877291149707011											300_беспокойство-спокойствие	0.9702639307044959	0.029736069295503983	4.0	0.11894427718201595																				
36	36	111_нежелание-желание	0.4969533183532046	7.243985693452092e-05	58	0.004201511702202214						219_соблюдение_закона-правонарушение	-0.4263994798323121	0.023655582805050653	28.0	0.6623563185414183	141_микробиология-неопределенная_тема	0.9625023855683204	0.008667251208287607	5.0	0.04333625604143804											115_наследство-собственность	0.5217816993429315	0.04604545966204261	15.0	0.6906818949306391	56_протест-мир	-0.9797957953117366	0.02020420468826345	4.0	0.0808168187530538											145_высказывание-умалчивание	-0.9702054989268872	0.02979450107311277	4.0	0.11917800429245108																				
37	37	168_работа-праздность	-0.4912188068798474	9.028310313315805e-05	58	0.005236419981723167						136_апатия-взбудораженность	-0.4261828796167452	0.02373423439677377	28.0	0.6645585631096654	272_образование-невежество	-0.9596393000118779	0.009674422014307842	5.0	0.048372110071539215											65_серьёзность-веселье	-0.5207090453218497	0.04657481330817393	15.0	0.6986221996226091	46_идея-реализация	0.9783338549688072	0.02166614503119291	4.0	0.08666458012477163											230_отступление-наступление	-0.9692902449006472	0.030709755099352812	4.0	0.12283902039741125																				
38	38	37_низ-верх	-0.4882505112022758	0.00010102823599203189	58	0.00585963768753785						114_церковь-мирская_жизнь	-0.4261286753972188	0.023753950301273204	28.0	0.6651106084356497	43_энергия-покой	-0.9587988917134956	0.00997688231265691	5.0	0.04988441156328455											210_спешка-неторопливость	-0.5190320911891378	0.04741137545708616	15.0	0.7111706318562924	31_интеллект-культура	0.9782293020290184	0.021770697970981745	4.0	0.08708279188392698											56_протест-мир	0.964416104155258	0.035583895844742086	4.0	0.14233558337896834																				
39	39	4_праздник-быт	-0.4799032022516606	0.00013784831001914681	58	0.007995201981110514						74_тёплые_чувства-холодные_чувства	0.4254806274381751	0.023990703705033697	28.0	0.6717397037409435	29_негативные_чувства-духовные_чувства	-0.9586622520826508	0.010026346208977865	5.0	0.05013173104488931											234_холодное_отношение-тёплое_отношение	0.5168867152651063	0.04849771385177473	15.0	0.727465707776621	89_апатия-взбудораженность	-0.9782181262813486	0.021781873718651368	4.0	0.08712749487460547											200_природа-техника	0.9633625284676058	0.03663747153239416	4.0	0.14654988612957665																				
40	40	175_нематериальное-материальное	-0.4785122166879094	0.00014506243557569254	58	0.008413621263390167						111_нежелание-желание	0.4253650169934448	0.024033141607557682	28.0	0.672927965011615	6_холодное_отношение-тёплое_отношение	0.9567688389484994	0.010719949582860544	5.0	0.05359974791430272											45_наука-быт	-0.5165840561216163	0.04865243277689689	15.0	0.7297864916534533	157_отсутствие_чувств-чувства	0.9777912277471268	0.02220877225287321	4.0	0.08883508901149284											9_трудности-отсутствие_проблем	-0.9629388015310468	0.03706119846895317	4.0	0.14824479387581269																				
41	41	166_порядочность-мошенничество	0.4758197137400054	0.00016001782962876232	58	0.009281034118468215						246_чистота-беспорядок	0.4231541337516714	0.024856555207236185	28.0	0.6959835458026131	83_речь-текст	0.9567626687402296	0.01072223462023042	5.0	0.0536111731011521																218_трусость-мужество	-0.9744614638690032	0.02553853613099677	4.0	0.10215414452398708											22_деятельность_наверху-деятельность_в_земле	0.9627322166556188	0.0372677833443813	4.0	0.1490711333775252																				
42	42	185_беда-счастье	0.4692873826201933	0.00020234778377182418	58	0.011736171458765805						201_вирус-растение	0.4184750705023409	0.02667505855948433	28.0	0.7469016396655613	275_жизненный_процесс-кончина	0.956442332429276	0.010841084757059086	5.0	0.05420542378529543																248_спор-согласие	0.9742284309746831	0.025771569025316854	4.0	0.10308627610126743											116_смерть-жизнь	-0.9593803112506822	0.04061968874931776	4.0	0.16247875499727105																				
43	43	294_испытание-безмятежность	0.4687211365788335	0.0002064610471888952	58	0.011974740736955923						68_власть-народ	-0.4183010501454634	0.02674472001280189	28.0	0.7488521603584529	99_благоразумие-безолаберность	0.9514021389407041	0.012766391441557744	5.0	0.06383195720778873																256_фильм-жизнь	-0.974127237732626	0.02587276226737412	4.0	0.10349104906949648											83_речь-текст	-0.9592826429973828	0.04071735700261725	4.0	0.162869428010469																				
44	44	52_близость-расстояние	-0.4668796859268912	0.00022037128536984862	58	0.01278153455145122						2_неживая_природа-живая_природа	-0.4168870834649217	0.02731623417361514	28.0	0.7648545568612239	71_изобилие-недостаток	0.9480427829863584	0.014105507719640762	5.0	0.07052753859820382																263_влияние-зависимость	0.9732918119552252	0.026708188044774928	4.0	0.10683275217909972											168_работа-праздность	0.9582396839895629	0.04176031601043695	4.0	0.1670412640417478																				
45	45	142_равенство-иерархия	-0.4654939695642194	0.00023139744095448632	58	0.013421051575360207						157_отсутствие_чувств-чувства	0.4151809701837709	0.02801898280502241	28.0	0.7845315185406276	48_отдаление-приближение	-0.9476008872965348	0.014284877203060684	5.0	0.07142438601530343																20_покой-беспокойство	-0.9727083933499788	0.02729160665002117	4.0	0.10916642660008467											238_дистанция-близость	-0.9578762368412188	0.042123763158781184	4.0	0.16849505263512474																				
46	46	50_проблема-взаимовыручка	-0.4623113065861778	0.0002586534045412641	58	0.015001897463393319						298_очевидный-скрытый	0.4151357070973489	0.02803782433066113	28.0	0.7850590812585115	17_полемика-консенсус	0.9457192330306784	0.015056873692022618	5.0	0.0752843684601131																249_порыв-покой	-0.9723160729316491	0.027683927068350992	4.0	0.11073570827340397											48_отдаление-приближение	0.9551837201324056	0.0448162798675944	4.0	0.1792651194703776																				
47	47	2_неживая_природа-живая_природа	-0.4575851523903681	0.0003045550926638963	58	0.017664195374505982						233_неопределенная_тема-часть_целого	-0.4149195424784252	0.02812794820722684	28.0	0.7875825498023515	225_кража-находка	0.94356979531576	0.015954774191216766	5.0	0.07977387095608382																238_дистанция-близость	0.9716685060196344	0.02833149398036572	4.0	0.11332597592146287											244_смерть-жизнь	0.9529224799921412	0.0470775200078587	4.0	0.1883100800314348																				
48	48	220_власть-наука	-0.4550395044377094	0.0003322438440768087	58	0.019270142956454902						270_древность-современность	-0.4137537222416877	0.0286180611673357	28.0	0.8013057126853996	201_вирус-растение	0.9421226420932906	0.016568766963157722	5.0	0.08284383481578861																10_рутина-отдых	0.97057622088534	0.029423779114659883	4.0	0.1176951164586395											16_воля-неволя	0.9525993479052324	0.047400652094767626	4.0	0.1896026083790705																				
49	49	29_негативные_чувства-духовные_чувства	-0.4544010235748078	0.0003395387286093778	58	0.019693246259343912						102_фантастика-реальность	0.4136374557861874	0.028667316707521293	28.0	0.8026848678105962	215_творчество-власть	-0.9420097276877448	0.016616990330228204	5.0	0.08308495165114102																66_курируемый-куратор	-0.9704401016618084	0.029559898338191726	4.0	0.1182395933527669																																			
50	50	180_потребление-вывод	0.452841265380033	0.0003579764859733033	58	0.02076263618645159						107_мир-драка	0.4133551954692905	0.02878718018709094	28.0	0.8060410452385462	243_проблема-решение_проблем	-0.9417777798503166	0.016716193263184572	5.0	0.08358096631592286																134_физическое-абстрактное	-0.9685905566497032	0.03140944335029694	4.0	0.12563777340118776																																			
51	51	138_война-мир	-0.44952106334092734	0.00040029139343107764	58	0.0232169008190025						228_народ-власть	0.4125560183818381	0.0291287579545032	28.0	0.8156052227260896	221_получение_денег-отсутствие_денег	-0.9415682748347156	0.0168059624410945	5.0	0.08402981220547248																47_журналистика-литература	0.9681711142262792	0.03182888577372078	4.0	0.12731554309488313																																			
52	52	78_популярность-безвестность	0.4485052261337581	0.0004141175353559219	58	0.02401881705064347						88_лишение-наделение	0.4113837496234889	0.029635727174836264	28.0	0.8298003608954154	91_здоровье-болезнь	0.9412052452451186	0.016961883887599862	5.0	0.08480941943799931																99_благоразумие-безолаберность	0.9679105789668848	0.032089421033115066	4.0	0.1283576841324603																																			
53	53	150_безопасность-опасность	-0.4481173108955638	0.0004195107418559193	58	0.024331623027643315						134_физическое-абстрактное	-0.4104086024313696	0.030062863524149924	28.0	0.8417601786761979	142_равенство-иерархия	0.9404812880757906	0.017274218127753097	5.0	0.08637109063876547																106_кончина-вечное_искусство	0.9676029331057209	0.032397066894279014	4.0	0.12958826757711606																																			
54	54	9_трудности-отсутствие_проблем	0.4412146578693067	0.0005267819748951307	58	0.030553354543917582						125_разработка-разрушение	-0.4084549487776841	0.030933578218014013	28.0	0.8661401901043922	74_тёплые_чувства-холодные_чувства	-0.94019076403825	0.017400077811919722	5.0	0.08700038905959863																197_проблема-решение_проблем	-0.9675389367731984	0.032461063226801645	4.0	0.12984425290720658																																			
55	55	151_забытье-сознание	0.43393659205675256	0.0006662889078077551	58	0.0386447566528498						148_усталость-бодрость	-0.4076112874876228	0.031315825670655564	28.0	0.8768431187783559	14_изобилие-недостаток	0.9394385766886436	0.017727313630115017	5.0	0.0886365681505751																118_покой-беспокойство	0.966978419826798	0.033021580173201885	4.0	0.13208632069280754																																			
56	56	59_увядание-расцвет	0.4308679845157896	0.0007345248282484764	58	0.04260244003841163						137_вертикальные_отношения-горизонтальные_отношения	-0.4072339701209727	0.03148801015297078	28.0	0.881664284283182	100_труд-отдых	-0.939300938397712	0.017787406691195076	5.0	0.08893703345597538																25_скрытность-прозрачность	-0.9662608227714874	0.033739177228512614	4.0	0.13495670891405045																																			
57	57	176_животное-человек	0.4290665474386379	0.0007774641838722103	58	0.04509292266458819						60_восстание-смирение	-0.4071916811253443	0.031507355754073645	28.0	0.882205961114062	270_древность-современность	-0.9364799505480859	0.01903348465023294	5.0	0.0951674232511647																177_изыскание-решение	-0.9658266191602556	0.034173380839744534	4.0	0.1366935233589781																																			
58	58	129_успех-беда	0.4240473242507837	0.0009093183686553811	58	0.052740465382012096						81_религия-наука	0.40661077935305096	0.03177406786604426	28.0	0.8896739002492393	122_неопределенная_тема-здоровье	0.93565030837386	0.0194051302568776	5.0	0.097025651284388																133_торможение-развитие	-0.9652133423290052	0.03478665767099487	4.0	0.13914663068397948																																			
59	59	89_апатия-взбудораженность	-0.4229365393763248	0.0009410923279407824	58	0.054583355020565376						91_здоровье-болезнь	0.4065175424088348	0.03181704522480346	28.0	0.8908772662944969	189_наука-религия	0.9324080710903059	0.020879650193812167	5.0	0.10439825096906086																253_соблюдение_закона-правонарушение	0.9642951575099864	0.03570484249001371	4.0	0.14281936996005484																																			
60	60	102_фантастика-реальность	0.4165210083057451	0.001144986668250394	58	0.06640922675852286						158_конец-начало	-0.4063204250798189	0.03190806031471879	28.0	0.8934256888121259	98_разрушение-поддержание	-0.9307432531211708	0.021650261126864585	5.0	0.10825130563432292																153_прерывание-продолжение	-0.962891632331774	0.03710836766822589	4.0	0.14843347067290358																																			
61	61	222_религия-повседневность	-0.4149969641631827	0.0011989149921424374	58	0.06953706954426135						6_холодное_отношение-тёплое_отношение	0.4059954525169027	0.03205856826143566	28.0	0.8976399113201985	156_физический_труд-умственный_труд	-0.9255008631528616	0.02413498779565944	5.0	0.1206749389782972																215_творчество-власть	0.9627288252971252	0.037271174702874665	4.0	0.14908469881149866																																			
62	62	218_трусость-мужество	-0.4124518688088085	0.00129407864025636	58	0.07505656113486889						118_покой-беспокойство	0.4059655087748917	0.03207246516416197	28.0	0.8980290245965352	237_низшие_слои-высшие_слои	-0.9252026629509034	0.02427892822539798	5.0	0.1213946411269899																82_суматоха-спокойствие	-0.9618885093274292	0.038111490672570913	4.0	0.15244596269028365																																			
63	63	140_шум-тишина	-0.4080894890142825	0.0014730658891035438	58	0.08543782156800554						278_физический_труд-умственный_труд	-0.4053788548616071	0.03234571236813923	28.0	0.9056799463078984	254_свобода-неволя	-0.9210482763712824	0.026312679235214482	5.0	0.1315633961760724																63_мир-война	0.9612757205653608	0.0387242794346393	4.0	0.1548971177385572																																			
64	64	104_неподвижность-подвижность	0.40244171337197215	0.0017376210876720241	58	0.10078202308497737						299_веселье-грусть	0.4050213615556377	0.03251314058588864	28.0	0.910367936404882	300_беспокойство-спокойствие	-0.9201933286726725	0.026737712835054404	5.0	0.13368856417527206																148_усталость-бодрость	-0.96077950355298	0.03922049644701997	4.0	0.15688198578807988																																			
65	65	123_отдых-работа	0.4020769385396497	0.0017560853760434528	58	0.10185295181052026						145_высказывание-умалчивание	0.4046833690346092	0.03267207718981022	28.0	0.914818161314686	92_жизнь-смерть	-0.9188827572361346	0.027393500391603855	5.0	0.13696750195801927																164_устранение-дополнение	0.9591057301528292	0.04089426984717104	4.0	0.16357707938868415																																			
66	66	25_скрытность-прозрачность	-0.4020736219284479	0.001756254059167321	58	0.10186273543170464						104_неподвижность-подвижность	0.40397800440790416	0.033005781444188316	28.0	0.9241618804372732	175_нематериальное-материальное	-0.9187773895846411	0.02744644640259636	5.0	0.13723223201298182																216_старость-смерть	0.958806974413912	0.04119302558608806	4.0	0.16477210234435224																																			
67	67	134_физическое-абстрактное	-0.4016982414186045	0.0017754398335200782	58	0.10297551034416454						19_быстрое_явление-длительное_явление	0.4029891213035429	0.03347823097891811	28.0	0.9373904674097072	170_спокойствие-суматоха	0.9175996109852468	0.028040499926747755	5.0	0.14020249963373874																173_отдых-работа	0.9585319894150376	0.04146801058496241	4.0	0.16587204233984965																																			
68	68	203_концепция-хаотичность	0.401164747138963	0.0018030292786893306	58	0.10457569816398116						181_дополнение-устранение	-0.4024184205888201	0.0337533557348737	28.0	0.9450939605764636	18_уменьшение-расширение	-0.9166058464156924	0.028544912298796767	5.0	0.14272456149398385																124_сражение-тыл	-0.957587118622697	0.042412881377303036	4.0	0.16965152550921214																																			
69	69	269_власть-беспорядок	-0.401083128131585	0.0018072838071662594	58	0.10482246081564303						214_спешка-неторопливость	0.4016971013281407	0.034103689443648964	28.0	0.9549033044221708	112_профессиональный-любительский	0.9163986771978536	0.02865043049012868	5.0	0.14325215245064338																88_лишение-наделение	0.9572882933886506	0.042711706611349376	4.0	0.1708468264453975																																			
70	70	183_неживая_природа-живая_природа	0.3977052659915848	0.001991426260559336	58	0.11550272311244147						234_холодное_отношение-тёплое_отношение	-0.40062292167314856	0.03463081373624414	28.0	0.969662784614836	65_серьёзность-веселье	-0.9141963222666324	0.02977986312025295	5.0	0.14889931560126474																75_действующее_лицо-зритель	0.9564053753657432	0.043594624634256784	4.0	0.17437849853702714																																			
71	71	116_смерть-жизнь	0.3973129987083535	0.0020138608091492148	58	0.11680392693065447						75_действующее_лицо-зритель	0.4004781617748428	0.034702348385760536	28.0	0.9716657548012952	137_вертикальные_отношения-горизонтальные_отношения	-0.9130254200264564	0.030386021634563994	5.0	0.15193010817281996																28_неисправность-отлаженность	0.9560408867129044	0.04395911328709545	4.0	0.1758364531483818																																			
72	72	177_изыскание-решение	-0.3953583365464779	0.0021290495293506484	58	0.1234848727023376						51_творческая_реализация - эмоциональное_переживание	-0.40005378185361695	0.03491274448879853	28.0	0.9775568456863588	8_застой-работа	0.9129379147688059	0.03043147908189605	5.0	0.15215739540948026																146_разум-чувство	-0.9558004586017032	0.04419954139829685	4.0	0.1767981655931874																																			
73	73	213_обозрение-сокрытие	-0.3947431571594458	0.002166498732965838	58	0.1256569265120186						147_рассудительность-беспокойство	0.3996899966105864	0.03509391366243761	28.0	0.9826295825482529	226_человек-транспорт	-0.9127934708494712	0.030506562874149837	5.0	0.15253281437074914																43_энергия-покой	-0.9556116284585798	0.04438837154142017	4.0	0.17755348616568067																																			
74	74	74_тёплые_чувства-холодные_чувства	0.3941531699316894	0.0022029650023703733	58	0.12777197013748165						86_доказательство-совпадение	0.3981845982360771	0.03585165913126662	28.0	1.0038464556754652	257_тёплые_чувства-холодные_чувства	0.911629290289586	0.031113881569242236	5.0	0.15556940784621118																189_наука-религия	0.9548886147520288	0.0451113852479712	4.0	0.1804455409918848																																			
75	75	289_недовольство-радость	-0.3934676945748471	0.0022460196869349487	58	0.13026914184222702						35_кончина-вечное_искусство	0.3981099381687797	0.03588957823782294	28.0	1.0049081906590422	5_польза-вред	0.9106754997238332	0.031614299764401416	5.0	0.1580714988220071																80_сон-бодрствование	-0.9548363374999166	0.04516366250008341	4.0	0.18065465000033365																																			
76	76	173_отдых-работа	0.3918969020943608	0.002347521599265498	58	0.13615625275739887						53_подчинение-неповиновение	0.3971872766485608	0.03636084913068277	28.0	1.0181037756591174	183_неживая_природа-живая_природа	0.9092142201421136	0.03238592566381243	5.0	0.16192962831906216																21_получение_результата-разработка	0.9546579552447418	0.04534204475525816	4.0	0.18136817902103264																																			
77	77	133_торможение-развитие	0.3884873225941521	0.00258202009861569	58	0.14975716571970998						243_проблема-решение_проблем	-0.3969842119096031	0.036465232138092336	28.0	1.0210264998665854	96_наука-быт	-0.9090927857570692	0.03245031683211783	5.0	0.16225158416058916																285_опасность-безопасность	0.9540179055860328	0.04598209441396717	4.0	0.18392837765586867																																			
78	78	267_неволя-свобода	0.3870405965099403	0.002687661174772265	58	0.15588434813679136						226_человек-транспорт	-0.3965169449374045	0.03670633733868745	28.0	1.027777445483249	28_неисправность-отлаженность	-0.9075948477385458	0.0332479658416362	5.0	0.16623982920818098																163_человек-инструмент	0.9521124263692956	0.047887573630704505	4.0	0.191550294522818																																			
79	79	285_опасность-безопасность	0.3833021727829007	0.002978644328542525	58	0.17276137105546646						58_формирование-перестройка	-0.3964293402072444	0.036751682368370266	28.0	1.0290471063143676	212_наука-быт	-0.9056270365928968	0.034305197993317965	5.0	0.17152598996658985																																																							
80	80	56_протест-мир	0.38265123006945184	0.003032074369968597	58	0.1758603134581786						256_фильм-жизнь	-0.3957592732571767	0.037100001498604485	28.0	1.0388000419609251	288_радость-недовольство	0.9016115008862082	0.0364951273049233	5.0	0.18247563652461649																																																							
81	81	188_страх-надёжность	-0.3811112016986449	0.0031618810810802108	58	0.1833891027026522						258_конец-начало	-0.3941150917258086	0.03796590057644159	28.0	1.0630452161403643	240_осторожность-риск	0.9000641328079507	0.03735048566412732	5.0	0.1867524283206366																																																							
82	82	60_восстание-смирение	-0.3737799313251816	0.0038498046561745007	58	0.22328867005812106						249_порыв-покой	0.39402052234961626	0.03801619241306388	28.0	1.0644533875657889	263_влияние-зависимость	-0.8991207373273604	0.037875071910924166	5.0	0.18937535955462087																																																							
83	83	36_спокойствие-деятельность	0.3730477941025622	0.0039252812010674215	58	0.22766630966191045						160_победа-поражение	0.3936962468357833	0.038189046328858584	28.0	1.0692932972080402	277_неживая_природа-живая_природа	-0.8962844666058319	0.03946618228707895	5.0	0.1973309114353948																																																							
84	84	77_природные_процессы-военные_процессы	-0.37302144258646	0.0039280220007495035	58	0.22782527604347125						225_кража-находка	0.3934756713232488	0.038306982046048856	28.0	1.072595497289368	233_неопределенная_тема-часть_целого	0.8958180905619784	0.03972980381124027	5.0	0.19864901905620136																																																							
85	85	272_образование-невежество	-0.3713689784068601	0.004103306842133696	58	0.2379917968437544						203_концепция-хаотичность	0.3934607721089141	0.03831495873708395	28.0	1.0728188446383506	7_чужбина-родной_дом	-0.8952946789486246	0.04002632972194055	5.0	0.20013164860970276																																																							
86	86	158_конец-начало	-0.3699607509358381	0.004258096710107279	58	0.24696960918622216						191_техническое_взаимодействие-животные_взаимоотношения	0.3923714241651169	0.03890177805717829	28.0	1.089249785600992	252_современность-древность	-0.8950323405311436	0.04017521493298987	5.0	0.20087607466494933																																																							
87	87	88_лишение-наделение	0.3662565771268892	0.004690111329744957	58	0.2720264571252075						116_смерть-жизнь	0.3913529995661477	0.03945686516395108	28.0	1.1047922245906303	202_отставание-лидерство	0.8929654239284812	0.04135438442943544	5.0	0.2067719221471772																																																							
88	88	242_отдых-работа	-0.36252866039753495	0.005163409133587435	58	0.29947772974807124						173_отдых-работа	0.3907206904660259	0.03980467166690803	28.0	1.1145308066734247	22_деятельность_наверху-деятельность_в_земле	-0.8915919962460709	0.04214389585250216	5.0	0.2107194792625108																																																							
89	89	62_жизнь-смерть	-0.3590800067812583	0.005638123310026783	58	0.3270111519815534						215_творчество-власть	-0.3903748631615068	0.03999592908295778	28.0	1.1198860143228178	77_природные_процессы-военные_процессы	-0.8902624416285175	0.042912691913125516	5.0	0.2145634595656276																																																							
90	90	145_высказывание-умалчивание	0.3574556302693521	0.005874694013851432	58	0.34073225280338304						96_наука-быт	-0.38743575855496615	0.04165114091382872	28.0	1.166231945587204	238_дистанция-близость	0.8885251368744005	0.04392388915153424	5.0	0.21961944575767126																																																							
91	91	189_наука-религия	0.3569688912248308	0.005947255803201216	58	0.3449408365856705						117_живая_природа-неживая_природа	-0.3866490797119127	0.04210330097476184	28.0	1.1788924272933314	66_курируемый-куратор	-0.8871566207421403	0.04472567664162996	5.0	0.22362838320814984																																																							
92	92	80_сон-бодрствование	-0.3509084464069311	0.006918723348965929	58	0.4012859542400239						244_смерть-жизнь	0.3863432611695372	0.04228012742711157	28.0	1.183843567959124	95_доброта-злость	0.8840358349134798	0.04657117991153283	5.0	0.23285589955766414																																																							
93	93	225_кража-находка	0.3506289102114125	0.006966697355573088	58	0.4040684466232391						94_проблема-решение_проблем	-0.3860158073783036	0.042470118063608016	28.0	1.1891633057810242	126_путешествие-конец_движения	0.8831577016728454	0.04709471613120926	5.0	0.2354735806560463																																																							
94	94	84_последовательность-разлад	-0.3478859457108594	0.007453078430842223	58	0.4322785489888489						207_фантастика-реальность	-0.3855395898859521	0.04274763360779977	28.0	1.1969337410183936	177_изыскание-решение	0.8826041632586582	0.04742568184191662	5.0	0.2371284092095831																																																							
95	95	232_проблема-решение_проблем	0.346782283104637	0.007656983448767486	58	0.4441050400285142						208_неживая_природа-живая_природа	-0.38548602615237465	0.0427789378546846	28.0	1.1978102599311686	232_проблема-решение_проблем	0.8783575055684756	0.04998900962769957	5.0	0.24994504813849786																																																							
96	96	70_единство-разрозренность	-0.3410233172902941	0.008801791264766691	58	0.5105038933564681						227_иерархия-равенство	-0.3844152531460147	0.04340856307841839	28.0	1.2154397661957148																																																												
97	97	153_прерывание-продолжение	-0.3373151968482943	0.00961524113036688	58	0.557683985561279						126_путешествие-конец_движения	0.3843676749908373	0.04343670942345604	28.0	1.2162278638567692																																																												
98	98	207_фантастика-реальность	-0.3365147205049857	0.009799157006556536	58	0.5683511063802791						108_творчество-власть	-0.384032515335258	0.04363539468738365	28.0	1.221791051246742																																																												
99	99	24_активность-пассивность	-0.336406795717022	0.009824185394350609	58	0.5698027528723354						73_наука-физический_труд	-0.3816993389651559	0.04503860360378754	28.0	1.261080900906051																																																												
100	100	127_начало-конец	-0.3357368586569976	0.009980790730614177	58	0.5788858623756221						217_завоевание-бегство	-0.3814987463657379	0.045160894165441424	28.0	1.2645050366323598																																																												
101	101	10_рутина-отдых	-0.33143483844700816	0.011038923217724044	58	0.6402575466279947						206_расслабление-напряжение	0.3814383572477769	0.04519776169249146	28.0	1.265537327389761																																																												
102	102	223_бытовые_ситуации-глобальные_происшествия	-0.3262134652401779	0.012452248096368058	58	0.7222303895893474						109_убожество-роскошь	-0.37957111900013135	0.04634953524221255	28.0	1.2977869867819516																																																												
103	103	230_отступление-наступление	0.3258101003271974	0.012567642822930544	58	0.7289232837299716						162_история-одномоментное_происшествие	0.3784142314289957	0.04707472058975939	28.0	1.318092176513263																																																												
104	104	20_покой-беспокойство	-0.32545952875058937	0.012668681328078092	58	0.7347835170285293						18_уменьшение-расширение	0.3781856674125919	0.0472190502201802	28.0	1.3221334061650456																																																												
105	105	46_идея-реализация	-0.32386459441193144	0.013137236848798495	58	0.7619597372303127						29_негативные_чувства-духовные_чувства	-0.37703803926995616	0.047949033687600964	28.0	1.3425729432528268																																																												
106	106	31_интеллект-культура	0.3229797964027585	0.013403542369137902	58	0.7774054574099983						286_начало-конец	-0.3763456092431201	0.04839377048879126	28.0	1.3550255736861554																																																												
107	107	107_мир-драка	0.3209889480335329	0.01401976536171298	58	0.813146390979353						15_древняя_работа-современная_работа	-0.37633753256627295	0.04839897716833273	28.0	1.3551713607133165																																																												
108	108	288_радость-недовольство	0.31994962982852965	0.014351018015721154	58	0.8323590449118268						232_проблема-решение_проблем	-0.3755577872162309	0.0489037321508123	28.0	1.3693045002227444																																																												
109	109	90_отдых-напряжение	0.3192539803544947	0.014576468858767991	58	0.8454351938085434						154_знание-сомнение	-0.3752703395021334	0.049090851529168825	28.0	1.3745438428167271																																																												
110	110	258_конец-начало	-0.3180958622392421	0.014958538582038775	58	0.8675952377582491						287_вода-земля	-0.3748366186817938	0.04937425926436707	28.0	1.3824792594022781																																																												
111	111	256_фильм-жизнь	-0.31710831204917456	0.015291085318688126	58	0.8868829484839112						269_власть-беспорядок	-0.3739792170203077	0.04993831216646937	28.0	1.3982727406611422																																																												
112	112	115_наследство-собственность	0.3128439401664811	0.016800749023714808	58	0.9744434433754589																																																																						
113	113	58_формирование-перестройка	0.310727369302109	0.017596154594900826	58	1.020576966504248																																																																						
114	114	202_отставание-лидерство	0.3075847636333524	0.01883626464806457	58	1.0925033495877448																																																																						
115	115	297_юмор-суровость	-0.3070448428443106	0.0190566390316654	58	1.105285063836593																																																																						
116	116	101_фиксация-пересмотр	-0.3047250328075904	0.02002861476057209	58	1.1616596561131811																																																																						
117	117	287_вода-земля	-0.30342496977425404	0.02059150378864561	58	1.1943072197414455																																																																						
118	118	224_власть-отставка	0.3015559236563762	0.021424222617823382	58	1.242604911833756																																																																						
119	119	209_отрицание-утверждение	-0.30143170931379804	0.02148056056388045	58	1.2458725127050665																																																																						
120	120	239_радость-недовольство	-0.3007965661728573	0.021770597540944285	58	1.2626946573747686																																																																						
121	121	178_мыслительная_работа-физическая_работа	-0.2993451203976737	0.02244586427414628	58	1.3018601279004842																																																																						
122	122	19_быстрое_явление-длительное_явление	0.2976525658707337	0.023255592862509927	58	1.3488243860255758																																																																						
123	123	184_правонарушение-соблюдение_закона	0.2969186108397824	0.02361431435945529	58	1.3696302328484071																																																																						
124	124	159_реальная_жизнь-выдуманная_жизнь	0.2960037074649095	0.024068004242761	58	1.3959442460801377																																																																						
125	125	162_история-одномоментное_происшествие	0.29545061783409515	0.024345824387091725	58	1.4120578144513203																																																																						
126	126	41_развлечение-когнитивная-способность	0.2944445485366185	0.024858112890326325	58	1.4417705476389269																																																																						
127	127	73_наука-физический_труд	-0.29308049194773034	0.025567166989450937	58	1.4828956853881543																																																																						
128	128	298_очевидный-скрытый	0.29049827770821096	0.02695608577005549	58	1.5634529746632186																																																																						
129	129	262_серьезность-шутка	-0.2862051923658329	0.029405338421615232	58	1.7055096284536833																																																																						
130	130	135_запрет-толчок	0.2861315710332417	0.02944891233007687	58	1.7080369151444583																																																																						
131	131	63_мир-война	0.2853576738900783	0.02991023337999755	58	1.734793536039858																																																																						
132	132	208_неживая_природа-живая_природа	-0.28278455277253034	0.031487745311062236	58	1.8262892280416096																																																																						
133	133	194_контроль-бесконтрольность	0.2816487308011192	0.032205853481414734	58	1.8679395019220544																																																																						
134	134	237_низшие_слои-высшие_слои	0.27973230793967163	0.03344841977469139	58	1.9400083469321008																																																																						
135	135	66_курируемый-куратор	-0.2736674152447613	0.0376464547687682	58	2.1834943765885555																																																																						
136	136	274_единство-разрозренность	-0.2736642592630308	0.03764874781640658	58	2.1836273733515816																																																																						
137	137	281_домоседство-путешествие	-0.27349212851818505	0.037773988394356035	58	2.19089132687265																																																																						
138	138	38_личное-общее	0.2717405383789993	0.03906814297297834	58	2.265952292432744																																																																						
139	139	26_ненависть-дружба	-0.26916631008162883	0.04103640057066522	58	2.3801112330985825																																																																						
140	140	97_активность-пассивность	0.26748885897402985	0.0423624309280209	58	2.4570209938252123																																																																						
141	141	181_дополнение-устранение	-0.26716697605404544	0.04262086933310204	58	2.472010421319918																																																																						
142	142	109_убожество-роскошь	-0.2667878037345836	0.04292696754671276	58	2.4897641177093397																																																																						
143	143	152_исчезнование-появление	0.2659005933182636	0.04365026298708388	58	2.5317152532508653																																																																						
144	144	33_абстрактная_работа-конкретная_работа	0.2640964746039137	0.04515196108972705	58	2.6188137432041687																																																																						
145	145	231_злость-радость	0.26000569231160586	0.048714329183218184	58	2.8254310926266544																																																																						
146	146	205_отдых-рабочий_процесс	0.25935266947804325	0.049303691890176735	58	2.8596141296302515																																																																						
147	147	43_энергия-покой	-0.2591966957813826	0.049445318102460944	58	2.867828449942735																																																																						
