	Unnamed: 0	я_PRON	я_PRON.1	я_PRON.2	я_PRON.3	я_PRON.4	хотеть_VERB	хотеть_VERB.1	хотеть_VERB.2	хотеть_VERB.3	хотеть_VERB.4	очень_ADV	очень_ADV.1	очень_ADV.2	очень_ADV.3	очень_ADV.4	она_PRON	она_PRON.1	она_PRON.2	она_PRON.3	она_PRON.4	думать_VERB	думать_VERB.1	думать_VERB.2	думать_VERB.3	думать_VERB.4	мочь_VERB	мочь_VERB.1	мочь_VERB.2	мочь_VERB.3	мочь_VERB.4	жизнь_NOUN	жизнь_NOUN.1	жизнь_NOUN.2	жизнь_NOUN.3	жизнь_NOUN.4	потом_ADV	потом_ADV.1	потом_ADV.2	потом_ADV.3	потом_ADV.4	знать_VERB	знать_VERB.1	знать_VERB.2	знать_VERB.3	знать_VERB.4	хороший_ADJ	хороший_ADJ.1	хороший_ADJ.2	хороший_ADJ.3	хороший_ADJ.4	еще_ADV	еще_ADV.1	еще_ADV.2	еще_ADV.3	еще_ADV.4	ждать_VERB	ждать_VERB.1	ждать_VERB.2	ждать_VERB.3	ждать_VERB.4	день_NOUN	день_NOUN.1	день_NOUN.2	день_NOUN.3	день_NOUN.4	жить_VERB	жить_VERB.1	жить_VERB.2	жить_VERB.3	жить_VERB.4	ничто_PRON	ничто_PRON.1	ничто_PRON.2	ничто_PRON.3	ничто_PRON.4
	Unnamed: 0	Dim	Pearson C	P-value	Occ	P-Bonferroni	Dim.1	Pearson C.1	P-value.1	Occ.1	P-Bonferroni.1	Dim.2	Pearson C.2	P-value.2	Occ.2	P-Bonferroni.2	Dim.3	Pearson C.3	P-value.3	Occ.3	P-Bonferroni.3	Dim.4	Pearson C.4	P-value.4	Occ.4	P-Bonferroni.4	Dim.5	Pearson C.5	P-value.5	Occ.5	P-Bonferroni.5	Dim.6	Pearson C.6	P-value.6	Occ.6	P-Bonferroni.6	Dim.7	Pearson C.7	P-value.7	Occ.7	P-Bonferroni.7	Dim.8	Pearson C.8	P-value.8	Occ.8	P-Bonferroni.8	Dim.9	Pearson C.9	P-value.9	Occ.9	P-Bonferroni.9	Dim.10	Pearson C.10	P-value.10	Occ.10	P-Bonferroni.10	Dim.11	Pearson C.11	P-value.11	Occ.11	P-Bonferroni.11	Dim.12	Pearson C.12	P-value.12	Occ.12	P-Bonferroni.12	Dim.13	Pearson C.13	P-value.13	Occ.13	P-Bonferroni.13	Dim.14	Pearson C.14	P-value.14	Occ.14	P-Bonferroni.14
0	0	68_власть-народ	0.15769441868922676	0.02649971513962024	198.0	5.2469435976448064	242_отдых-работа	0.3180645413439978	0.002003504708965509	92.0	0.1843224332248268	248_спор-согласие	0.2549445291216113	0.003419496705831766	130	0.4445345717581296	241_нападение-оборона	0.38123696755124464	0.006878463320176472	49.0	0.3370447026886471	142_равенство-иерархия	0.2685184272240801	0.029258895793402007	66.0	1.9310871223645325	291_работа-санкция	0.3817297346260254	0.0022029806560097047	62.0	0.1365848006726017	75_действующее_лицо-зритель	0.503987200062743	6.382412034765737e-06	72.0	0.000459533666503133	255_голод-неопределенная_тема	0.43482013579836615	0.008045746518402744	36.0	0.2896468746624988	234_холодное_отношение-тёплое_отношение	-0.2408258379214625	0.0446138858638945	70.0	3.122972010472614	247_радостное_событие_грустное_событие	-0.1979855338278499	0.032372790402732825	117.0	3.787616477119741	295_прощение-мстительность	-0.252591256442706	0.02205282295076321	82.0	1.808331481962583	238_дистанция-близость	0.32110583975640783	0.0010601290677467376	101.0	0.10707303584242052	122_неопределенная_тема-здоровье	-0.3518783063231299	0.00468289953593671	63.0	0.29502267076401273	28_неисправность-отлаженность	0.3292430786579916	0.029085357154137424	44.0	1.2797557147820469	275_жизненный_процесс-кончина	0.5106825498620883	0.0012397262721519284	37.0	0.045869872069621336
1	1						283_героизм-малодушие	0.30576760205781617	0.003036128246464564	92.0	0.2793237986747399	233_неопределенная_тема-часть_целого	0.2509776394334895	0.0039742813545502655	130	0.5166565760915345	236_умственный_труд-физический_труд	0.3705429161799498	0.008770761207724152	49.0	0.42976729917848333						103_познание-непостижимость	-0.3654434480791394	0.00349251531353725	62.0	0.21653594943930948	158_конец-начало	-0.4604904263010977	4.698081153934905e-05	72.0	0.0033826184308331318	98_разрушение-поддержание	-0.3649464322618288	0.02863268332633496	36.0	1.0307765997480585											127_начало-конец	-0.2479630770850952	0.024695500044115488	82.0	2.02503100361747	193_порядок-беспорядок	-0.3103227599240884	0.0015872519914212823	101.0	0.16031245113354953	290_статистика-отсутствие_системы	-0.3384511046473697	0.006664642015150393	63.0	0.4198724469544748	236_умственный_труд-физический_труд	-0.3271059015908247	0.03021013345840508	44.0	1.3292458721698237	54_реальность-когнитивные_процессы	-0.4403622457309385	0.0063793012649760285	37.0	0.2360341468041131
2	2						62_жизнь-смерть	-0.3028285117778657	0.0033447230157188485	92.0	0.30771451744613404	127_начало-конец	0.24512223382600656	0.004941151264215521	130	0.6423496643480177	300_беспокойство-спокойствие	-0.3671165514418756	0.009465362632911391	49.0	0.4638027690126582						73_наука-физический_труд	-0.3611253348025029	0.003931143394170186	62.0	0.24373089043855156	201_вирус-растение	-0.4493074863712104	7.524062777289517e-05	72.0	0.005417325199648451	85_направление-дезориентация	0.3385204988274561	0.043434714860298484	36.0	1.5636497349707452											141_микробиология-неопределенная_тема	0.24588796082430345	0.025965065647309785	82.0	2.1291353830794018	100_труд-отдых	-0.3083030134586148	0.0017090897975476972	101.0	0.1726180695523174	180_потребление-вывод	0.3286322617939308	0.008546528001788664	63.0	0.5384312641126858	132_правонарушение-соблюдение_закона	-0.3265903423348401	0.0304867924141771	44.0	1.3414188662237925	210_спешка-неторопливость	-0.4189241399520451	0.009860714932897124	37.0	0.3648464525171936
3	3						37_низ-верх	-0.27382515674398555	0.008260978358991436	92.0	0.7600100090272122	272_образование-невежество	-0.24081327538354494	0.005781677368296961	130	0.7516180578786048	88_лишение-наделение	0.36622162405939707	0.00965441732240986	49.0	0.4730664487980832						104_неподвижность-подвижность	0.3411078295811414	0.006665334601286835	62.0	0.4132507452797838	204_столкновение-мир	0.43252490301055707	0.00014803883147266177	72.0	0.010658795866031648	80_сон-бодрствование	0.3376070785612287	0.04403984135698689	36.0	1.5854342888515283											232_проблема-решение_проблем	0.24238212374840995	0.02823570254832073	82.0	2.3153276089622996	192_производство-наука	-0.29535932111029034	0.002712442226254759	101.0	0.27395666485173065	222_религия-повседневность	-0.3275543306404291	0.008778952732944533	63.0	0.5530740221755056	120_усталость-покой	0.32219719561997273	0.032930364931989274	44.0	1.448936057007528	179_работа-искусство	-0.4023897943553466	0.01354900062610934	37.0	0.5013130231660455
4	4						201_вирус-растение	0.2633704616277725	0.011194311212538577	92.0	1.029876631553549	41_развлечение-когнитивная-способность	-0.23554715562844356	0.0069803346042151115	130	0.9074434985479644	187_гармония-конфликт	0.3559693635110712	0.012063417767347206	49.0	0.5911074706000131						192_производство-наука	-0.33645961614443004	0.007499433311896197	62.0	0.4649648653375642	110_негативные_эмоции-положительные_эмоции	0.4152794972879922	0.0002863271077416638	72.0	0.0206155517573998	9_трудности-отсутствие_проблем	-0.3369596140448073	0.04447287787258319	36.0	1.6010236034129948											109_убожество-роскошь	0.235874172138702	0.03289674329465096	82.0	2.6975329501613783	218_трусость-мужество	-0.2947534758072773	0.00277032063344778	101.0	0.27980238397822577	118_покой-беспокойство	-0.32215888161179124	0.010026957191926174	63.0	0.631698303091349	94_проблема-решение_проблем	-0.31446062855510665	0.037625623389451364	44.0	1.6555274291358597	100_труд-отдых	-0.3997129153473653	0.014243939207613703	37.0	0.5270257506817071
5	5						230_отступление-наступление	0.25912195817578504	0.012624642444506024	92.0	1.1614671048945542	76_мир-война	0.2353371820562172	0.007032397237034888	130	0.9142116408145352	17_полемика-консенсус	0.3503700643251369	0.01358456463124914	49.0	0.6656436669312079						184_правонарушение-соблюдение_закона	0.3350375435037473	0.007772206567533794	62.0	0.4818768071870952	36_спокойствие-деятельность	0.4116320066073045	0.00032772737332120727	72.0	0.02359637087912692																179_работа-искусство	0.2321029447002944	0.0358820714410819	82.0	2.9423298581687165	125_разработка-разрушение	-0.2882345188994766	0.003467137662719936	101.0	0.3501809039347135	38_личное-общее	-0.3186680418806723	0.010914111343463814	63.0	0.6875890146382203	113_скрытность-прозрачность	-0.31131688629149024	0.039684125177536084	44.0	1.7461015078115878	75_действующее_лицо-зритель	0.38461176798162783	0.01875216747464801	37.0	0.6938301965619763
6	6						99_благоразумие-безолаберность	0.25372937470283285	0.014667295436885247	92.0	1.3493911801934426	216_старость-смерть	0.2343399486020049	0.007284393349546634	130	0.9469711354410624	204_столкновение-мир	0.34841998198844204	0.014151482982347287	49.0	0.6934226661350171						58_формирование-перестройка	0.3289716907045743	0.009035348747191996	62.0	0.5601916223259038	125_разработка-разрушение	-0.4058022284095192	0.000405397412263609	72.0	0.02918861368297985																170_спокойствие-суматоха	-0.2302888410565232	0.037396948642434105	82.0	3.0665497886795965	168_работа-праздность	-0.2829892603604137	0.004137728463281479	101.0	0.4179105747914295	19_быстрое_явление-длительное_явление	-0.3154530258641408	0.01179054414321277	63.0	0.7428042810224045	22_деятельность_наверху-деятельность_в_земле	-0.3089887271787157	0.041267204959363916	44.0	1.8157570182120129	216_старость-смерть	0.3706002883040238	0.02394693274404412	37.0	0.8860365115296325
7	7						1_иерархия-равенство	-0.2467847437427188	0.01771524396621403	92.0	1.6298024448916908	276_начало-конец	-0.23332462805906765	0.007549154272843165	130	0.9813900554696112	190_погода-животное	-0.3475071971734435	0.014423707040995113	49.0	0.7067616450087606						19_быстрое_явление-длительное_явление	0.32558216441434634	0.009816186129371914	62.0	0.6086035400210587	185_беда-счастье	0.3971908295717457	0.0005511704999075688	72.0	0.03968427599334495																77_природные_процессы-военные_процессы	-0.2280369887070843	0.03935129715808856	82.0	3.226806366963262	181_дополнение-устранение	-0.2800221360216157	0.004566370571861531	101.0	0.4612034277580146	100_труд-отдых	0.2971821190096475	0.018016244293219318	63.0	1.135023390472817	194_контроль-бесконтрольность	-0.3052570241799057	0.04391188183597733	44.0	1.9321228007830025	291_работа-санкция	0.3682592513658351	0.024921481812751396	37.0	0.9220948270718016
8	8						88_лишение-наделение	0.2462851316793542	0.01795416979099651	92.0	1.651783620771679	20_покой-беспокойство	-0.2325981640161105	0.0077437892510034065	130	1.0066926026304428	135_запрет-толчок	0.3469585155663582	0.014589483280296496	49.0	0.7148846807345284						292_экстрим-повседневность	-0.32552943595504963	0.009828782006815666	62.0	0.6093844844225713	180_потребление-вывод	-0.3945563574415962	0.0006044866444634057	72.0	0.04352303840136522																128_неловкость-ловкость	-0.22235435242002244	0.04466413883258322	82.0	3.662459384271824	183_неживая_природа-живая_природа	0.27734044054089874	0.004987395072351722	101.0	0.5037269023075239	60_восстание-смирение	-0.29379782570698737	0.019434743965739226	63.0	1.2243888698415712						126_путешествие-конец_движения	0.3621265182405245	0.02763114245962332	37.0	1.0223522710060629
9	9						108_творчество-власть	-0.2307744164316839	0.026883054409958067	92.0	2.4732410057161425	156_физический_труд-умственный_труд	-0.2312966865387181	0.00810361725679748	130	1.0534702433836722	197_проблема-решение_проблем	-0.3462059640291074	0.014819497013350618	49.0	0.7261553536541804						138_война-мир	-0.32400440037871986	0.01019921006094103	62.0	0.6323510237783438	25_скрытность-прозрачность	-0.38458521613605146	0.0008515358305256485	72.0	0.0613105797978467																151_забытье-сознание	0.22180716535277972	0.04520565001282105	82.0	3.7068633010513263	36_спокойствие-деятельность	0.2750124976715535	0.005380546747338653	101.0	0.5434352214812039	97_активность-пассивность	0.28460494979410383	0.023776610997641442	63.0	1.4979264928514109						247_радостное_событие_грустное_событие	-0.35454164940573063	0.0313138559822875	37.0	1.1586126713446376
10	10						259_процесс-итог	0.2300019099852584	0.02741219584037536	92.0	2.5219220173145334	79_многообразие-единство	0.2304869748827507	0.008334875607545006	130	1.0835338289808507	276_начало-конец	-0.34587513612806164	0.014921587055082747	49.0	0.7311577656990546						162_история-одномоментное_происшествие	0.3186540301862792	0.01159624765717612	62.0	0.7189673547449196	60_восстание-смирение	0.3839651561566304	0.0008695696052445468	72.0	0.06260901157760736																					14_изобилие-недостаток	-0.2748499563049772	0.005408999499341587	101.0	0.5463089494335003	52_близость-расстояние	0.2832527823206605	0.02447973102799201	63.0	1.5422230547634963						82_суматоха-спокойствие	0.3432461981291379	0.03753613319476059	37.0	1.3888369282061417
11	11						44_упорядоченность-однородная_масса	0.2259193862957969	0.03035755774527236	92.0	2.792895312565057	130_размеренная_жизнь-напряжённая_жизнь	0.2302029742678374	0.00841735906050014	130	1.0942566778650182	23_мир-конфликт	0.3336634782278189	0.01913287929223538	49.0	0.9375110853195336						298_очевидный-скрытый	0.3159555935746289	0.01236156875963348	62.0	0.7664172630972758	231_злость-радость	0.3811545058066816	0.0009557368206568763	72.0	0.06881305108729513																					29_негативные_чувства-духовные_чувства	-0.27234877069227265	0.005864013913076935	101.0	0.5922654052207704	133_торможение-развитие	-0.27430393148770144	0.029589881250885276	63.0	1.864162518805772						102_фантастика-реальность	0.3425635230618011	0.037942296035735804	37.0	1.4038649533222247
12	12						245_любовь-ненависть	0.21981723261013625	0.03525563619417865	92.0	3.243518529864436	185_беда-счастье	0.2296681084668277	0.008574663103620865	130	1.1147062034707125	49_развитие-откат	-0.3293924348159661	0.02082542187469575	49.0	1.0204456718600918						8_застой-работа	0.30782786325615324	0.014935816801694727	62.0	0.9260206417050733	54_реальность-когнитивные_процессы	-0.3800795712157093	0.0009906863613824489	72.0	0.07132941801953632																					228_народ-власть	0.2666659952518659	0.007026242365600912	101.0	0.7096504789256921	126_путешествие-конец_движения	0.2730011364155474	0.03040359629813416	63.0	1.9154265667824524						269_власть-беспорядок	-0.33967658100818393	0.03969960428729515	37.0	1.4688853586299206
13	13						187_гармония-конфликт	0.2176530721662201	0.037144957397457684	92.0	3.417336080566107	74_тёплые_чувства-холодные_чувства	0.22962051820140225	0.008588784423396624	130	1.116541975041561	72_недостаток-достоинство	-0.3278624149538293	0.021461687349526817	49.0	1.051622680126814						25_скрытность-прозрачность	-0.3025187210370682	0.01685528665217191	62.0	1.0450277724346582	230_отступление-наступление	0.3746319988886679	0.0011862518432278854	72.0	0.08541013271240776																					58_формирование-перестройка	0.2637334679024245	0.007702217567249484	101.0	0.777923974292198	110_негативные_эмоции-положительные_эмоции	-0.260614894308282	0.03911823425257488	63.0	2.4644487579122174						90_отдых-напряжение	0.3372445784168289	0.04123072740100737	37.0	1.5255369138372723
14	14						256_фильм-жизнь	-0.21051314409500246	0.043989064865707035	92.0	4.046993967645046	100_труд-отдых	-0.2295679857066432	0.008604396088523744	130	1.1185714915080869	264_безопасность-опасность	-0.3254871542942244	0.022481856281155017	49.0	1.101610957776596						210_спешка-неторопливость	-0.2931296758947001	0.020767921398450767	62.0	1.2876111267039478	214_спешка-неторопливость	-0.3701409907628036	0.0013730168720006196	72.0	0.09885721478404463																					1_иерархия-равенство	-0.263213436759976	0.007827903873932172	101.0	0.7906182912671493	275_жизненный_процесс-кончина	0.2595971417427916	0.03991803207494594	63.0	2.5148360207215945						237_низшие_слои-высшие_слои	0.33080430819291057	0.04551741075038313	37.0	1.6841441977641758
15	15						165_улучшение-ухудшение	-0.2102937469576492	0.04421492707921492	92.0	4.067773291287772	249_порыв-покой	-0.22854189045384304	0.008914399996694262	130	1.158871999570254	77_природные_процессы-военные_процессы	-0.32536493627986	0.02253543328597767	49.0	1.1042362310129057						229_закрытие-открытие	0.2890508175475893	0.02269413150447401	62.0	1.4070361532773883	187_гармония-конфликт	0.3663693642070701	0.0015499279715813512	72.0	0.11159481395385727																					167_дополнение-устранение	-0.2624294019056048	0.008020817879775655	101.0	0.8101026058573411															
16	16						194_контроль-бесконтрольность	0.20839795777405595	0.0462069476864669	92.0	4.251039187154955	209_отрицание-утверждение	-0.2269127668576766	0.009426861108931872	130	1.2254919441611434	172_наука-быт	-0.3234181286962389	0.023403442624676044	49.0	1.1467686886091262						294_испытание-безмятежность	0.2801105893820404	0.027450254648772304	62.0	1.701915788223883	83_речь-текст	-0.3662968023707597	0.001553524184659384	72.0	0.11185374129547564																					33_абстрактная_работа-конкретная_работа	0.2612606337123218	0.008316178819412734	101.0	0.8399340607606862															
17	17						237_низшие_слои-высшие_слои	0.2078473400734722	0.04679924573524324	92.0	4.305530607642378	221_получение_денег-отсутствие_денег	-0.2268671528515016	0.0094415758083842	130	1.2274048550899461	68_власть-народ	0.3218084771880213	0.0241421717673287	49.0	1.1829664165991065						206_расслабление-напряжение	0.27853903589754564	0.028367398123203283	62.0	1.758778683638603	128_неловкость-ловкость	0.36232893185510107	0.0017619974077844253	72.0	0.1268638133604786																					239_радость-недовольство	-0.26074018636706603	0.00845075646547703	101.0	0.8535264030131803															
18	18						272_образование-невежество	-0.20597543956145575	0.04886000217652271	92.0	4.4951202002400885	4_праздник-быт	-0.2265373433167263	0.009548573345154457	130	1.2413145348700794	56_протест-мир	-0.32140686305268623	0.0243295059137888	49.0	1.1921457897756509						250_быт-война	-0.2741991296619074	0.03103470240642555	62.0	1.924151549198384	115_наследство-собственность	0.3588946418238246	0.0019623910773798035	72.0	0.14129215757134586																					34_духовное_наслаждение-физическое_наслаждение	0.260178030181645	0.008598270292990415	101.0	0.8684252995920319															
19	19						122_неопределенная_тема-здоровье	0.20512115547770232	0.04982506079602742	92.0	4.5839055932345225	228_народ-власть	0.22468314976436884	0.010170233965721896	130	1.3221304155438465	61_единство-разрозренность	-0.3154247907478226	0.02726731444950329	49.0	1.3360984080256613						121_несовременность-актуальность	0.2602072997810192	0.04110114921808634	62.0	2.5482712515213533	47_журналистика-литература	0.3519256474439288	0.0024330810402771364	72.0	0.1751818348999538																					174_праздник-быт	0.2582184637122642	0.00913034744015296	101.0	0.9221650914554492															
20	20											238_дистанция-близость	0.22286687127811625	0.0108134290993504	130	1.4057457829155515	94_проблема-решение_проблем	0.3142001527012222	0.02790387590733981	49.0	1.3672899194596506						54_реальность-когнитивные_процессы	-0.2598768156830851	0.04136815913654068	62.0	2.564825866465522	189_наука-религия	0.34963764099860023	0.002608322954460981	72.0	0.18779925272119066																					198_обучение-достижение	-0.2483085008511293	0.01228841317354117	101.0	1.2411297305276583															
21	21											62_жизнь-смерть	-0.2207098269967556	0.011623494154563957	130	1.5110542400933145	3_спокойствие-суматоха	0.3111050479198387	0.029568143909029076	49.0	1.4488390515424243						66_курируемый-куратор	-0.2592729139737973	0.04185977144374217	62.0	2.5953058295120153	52_близость-расстояние	0.34942150976073305	0.0026254465458789805	72.0	0.1890321513032866																					153_прерывание-продолжение	-0.24742564791781266	0.012611269194617086	101.0	1.2737381886563257															
22	22											92_жизнь-смерть	-0.2203674971570793	0.011756830516684351	130	1.5283879671689655	152_исчезнование-появление	-0.3073839170917589	0.031677565241580885	49.0	1.5522006968374638						185_беда-счастье	0.25888527745591955	0.04217786318360331	62.0	2.6150275173834046	57_улица-дом	-0.3389166063222955	0.003589049035928592	72.0	0.2584115305868586																					262_серьезность-шутка	-0.24724454828153275	0.012678403118742751	101.0	1.2805187149930182															
23	23											66_курируемый-куратор	-0.21989709916216013	0.011942234966665171	130	1.5524905456664724	258_конец-начало	0.3045964190121389	0.03333826884696914	49.0	1.6335751735014878						20_покой-беспокойство	-0.2578316683445436	0.043052531867832165	62.0	2.6692569758055944	188_страх-надёжность	-0.3334567755032749	0.0042048904937822505	72.0	0.3027521155523221																					61_единство-разрозренность	0.2436293684527479	0.014085270418573955	101.0	1.4226123122759695															
24	24											48_отдаление-приближение	-0.21979593168957354	0.011982442565221471	130	1.5577175334787916	69_труд-месть	-0.303714060329924	0.0338787291288766	49.0	1.6600577273149535						211_больница-дом	0.2559568467625052	0.044645874793991215	62.0	2.7680442372274547	124_сражение-тыл	-0.3327644966274623	0.004289321785423058	72.0	0.30883116855046017																					271_бюрократия-творчество	-0.24340978150544834	0.014174932434100054	101.0	1.4316681758441052															
25	25											211_больница-дом	0.2195528283737232	0.012079545822887831	130	1.5703409569754183	261_болезнь-здоровье	-0.3018182323175659	0.03506449709763396	49.0	1.7181603577840645						75_действующее_лицо-зритель	0.2558734790902532	0.044717836906150936	62.0	2.772505888181358	228_народ-власть	0.3301076183508494	0.004627488177445712	72.0	0.3331791487760912																					97_активность-пассивность	-0.2401385450863818	0.015570557424982494	101.0	1.572626299923232															
26	26											108_творчество-власть	-0.21954083779700692	0.012084353028378812	130	1.5709658936892457	112_профессиональный-любительский	0.3009413166524805	0.03562445625689966	49.0	1.7455983565880833						271_бюрократия-творчество	-0.2548114401066668	0.0456429521399094	62.0	2.8298630326743828	300_беспокойство-спокойствие	-0.32869407439741943	0.004816858169166025	72.0	0.3468137881799538																					51_творческая_реализация - эмоциональное_переживание	-0.24000325815724885	0.0156307533581216	101.0	1.5787060891702815															
27	27											186_движение-неподвижность	0.21918737013373188	0.012226818386469442	130	1.5894863902410274	110_негативные_эмоции-положительные_эмоции	0.3003488168711231	0.036006962235855366	49.0	1.764341149556913						230_отступление-наступление	0.25388674948827505	0.04646117301082872	62.0	2.8805927266713804	263_влияние-зависимость	0.3249742097511545	0.005348370162162164	72.0	0.3850826516756758																					217_завоевание-бегство	-0.2395836600831435	0.015818737734981804	101.0	1.597692511233162															
28	28											189_наука-религия	0.2191710052643103	0.01223344972797105	130	1.5903484646362365	11_приобретение-постоянное_местонахождение	-0.29993493360139184	0.03627616185963197	49.0	1.7775319311219662						219_соблюдение_закона-правонарушение	-0.2525168049836705	0.04769546869767437	62.0	2.9571190592558114	19_быстрое_явление-длительное_явление	0.3213748057039846	0.0059113310285356605	72.0	0.4256158340545675																					73_наука-физический_труд	-0.23955311127392925	0.01583250006768417	101.0	1.5990825068361012															
29	29											60_восстание-смирение	0.21895472789025736	0.012321385508168144	130	1.6017801160618592	116_смерть-жизнь	0.29973329270926824	0.036407913966887424	49.0	1.7839877843774838											287_вода-земля	0.3184978287937593	0.006398226331976184	72.0	0.4606722959022853																					71_изобилие-недостаток	0.23895826540496504	0.016102554213961815	101.0	1.6263579756101434															
30	30											24_активность-пассивность	-0.21885489016359566	0.012362164657605585	130	1.607081405488726	158_конец-начало	0.2993685497791835	0.036647239165435226	49.0	1.7957147191063259											100_труд-отдых	-0.31475515713483204	0.007084261312639055	72.0	0.5100668145100119																					241_нападение-оборона	0.23449404318497094	0.018259524289292492	101.0	1.844211953218542															
31	31											230_отступление-наступление	0.21865800740696945	0.01244292858636693	130	1.617580716227701	145_высказывание-умалчивание	-0.2992407967144734	0.036731370048173735	49.0	1.7998371323605131											1_иерархия-равенство	-0.3080265029826224	0.008481304275623772	72.0	0.6106539078449116																					20_покой-беспокойство	-0.2342612058349606	0.018378553345660444	101.0	1.8562338879117048															
32	32											68_власть-народ	0.2186431003358313	0.012449062428260464	130	1.6183781156738604	182_светское_общество-религия	-0.29763985140358457	0.03779922366343359	49.0	1.8521619595082457											276_начало-конец	-0.3073205268556771	0.008640995629472636	72.0	0.6221516853220298																					133_торможение-развитие	0.2339320375133119	0.01854796864262127	101.0	1.873344832904748															
33	33											243_проблема-решение_проблем	-0.2183320182053003	0.012577669188530365	130	1.6350969945089469	41_развлечение-когнитивная-способность	-0.296669785514279	0.03845861220311785	49.0	1.8844719979527744											259_процесс-итог	-0.3052082707951128	0.00913459256307676	72.0	0.6576906645415268																					19_быстрое_явление-длительное_явление	0.2337977281166756	0.018617480153922658	101.0	1.8803654955461888															
34	34											151_забытье-сознание	0.21823795063411955	0.012616786557982377	130	1.6401822525377088	126_путешествие-конец_движения	-0.2955406892773041	0.03923798204683091	49.0	1.9226611202947144											173_отдых-работа	0.30112071075300123	0.010160089044284646	72.0	0.7315264111884945																					165_улучшение-ухудшение	-0.2325457548519929	0.019276305271509538	101.0	1.9469068324224632															
35	35											110_негативные_эмоции-положительные_эмоции	0.21778360246421846	0.012807226395384086	130	1.6649394313999313	57_улица-дом	-0.2952257258029014	0.03945768845512957	49.0	1.9334267343013487											163_человек-инструмент	0.2968637416632774	0.011333288541064466	72.0	0.8159967749566416																					54_реальность-когнитивные_процессы	-0.23248839195659585	0.0193069660314456	101.0	1.9500035691760051															
36	36											258_конец-начало	-0.21745614331691485	0.012946034934941142	130	1.6829845415423486	5_польза-вред	-0.29462053105009955	0.03988268512631223	49.0	1.9542515711892996											136_апатия-взбудораженность	-0.29515621145551385	0.011835946248524321	72.0	0.8521881298937511																					59_увядание-расцвет	0.23246736734779386	0.019318214297062125	101.0	1.9511396440032749															
37	37											298_очевидный-скрытый	0.2170638555635281	0.013114054110789112	130	1.7048270344025849	214_спешка-неторопливость	-0.2941911742992469	0.040186472863566	49.0	1.9691371703147336											109_убожество-роскошь	-0.2881101126972166	0.0141201846704352	72.0	1.0166532962713344																					231_злость-радость	0.23132299652385824	0.019939025244170672	101.0	2.013841549661238															
38	38											218_трусость-мужество	-0.21627392105546814	0.013458178605172472	130	1.7495632186724217	245_любовь-ненависть	-0.29262025447597634	0.041314189482060566	49.0	2.0243952846209683											66_курируемый-куратор	-0.2872528960629485	0.014422489188717297	72.0	1.038419221587645																					44_упорядоченность-однородная_масса	0.2300862293929692	0.0206291674977419	101.0	2.083545917271932															
39	39											155_поражение-победа	0.2161676880188992	0.013505053964419016	130	1.7556570153744722	224_власть-отставка	0.2912822827369258	0.04229501026069499	49.0	2.0724555027740545											280_радость-недовольство	0.28276010652877603	0.01609989078580556	72.0	1.159192136578001																					224_власть-отставка	-0.22913380100956626	0.021174529008829976	101.0	2.1386274298918275															
40	40											296_равенство-иерархия	0.21567009382488814	0.01372652028810207	130	1.7844476374532692	109_убожество-роскошь	0.2904483256077398	0.04291593943037041	49.0	2.1028810320881504											72_недостаток-достоинство	-0.2807301859947477	0.01691117212811609	72.0	1.2176043932243583																					206_расслабление-напряжение	0.2288179266256101	0.0213581090815075	101.0	2.157169017232257															
41	41											219_соблюдение_закона-правонарушение	-0.21509418984467293	0.013986791643670452	130	1.8182829136771588	212_наука-быт	-0.2892466033595103	0.04382378480396689	49.0	2.147365455394377											224_власть-отставка	0.27687087570224483	0.018550694890058856	72.0	1.3356500320842375																					115_наследство-собственность	0.2288151580494868	0.021359724139153647	101.0	2.1573321380545183															
42	42											200_природа-техника	-0.214987739587522	0.014035368812183221	130	1.8245979455838184	210_спешка-неторопливость	0.2888222606837076	0.044148080147293815	49.0	2.163255927217397											254_свобода-неволя	-0.2754198482385099	0.01920138987298281	72.0	1.382500070854762																					163_человек-инструмент	0.2263595389079473	0.02283408976917576	101.0	2.306243066686752															
43	43											173_отдых-работа	0.21390363009241492	0.014538528428759656	130	1.8900086957387556	291_работа-санкция	-0.2883906991645758	0.04447989982675495	49.0	2.1795150915109933											239_радость-недовольство	-0.27407844753498106	0.019820187126710638	72.0	1.4270534731231657																					4_праздник-быт	-0.2255450105290204	0.02334198649208664	101.0	2.3575406357007505															
44	44											153_прерывание-продолжение	-0.21389887120445794	0.014540771337214237	130	1.8903002738378505	147_рассудительность-беспокойство	-0.2878630489833382	0.04488836381518388	49.0	2.1995298269440102											249_порыв-покой	-0.27368597211921325	0.02000442857040077	72.0	1.4403188570688552																					25_скрытность-прозрачность	-0.2229705608380998	0.025011247737068858	101.0	2.5261360214439548															
45	45											297_юмор-суровость	-0.2133980739614762	0.01477849343480964	130	1.9212041465252527	195_болезнь-работа	0.2850224220258946	0.04714025648539822	49.0	2.3098725677845127											77_природные_процессы-военные_процессы	0.2727341025212506	0.02045735314336256	72.0	1.472929426322104																					247_радостное_событие_грустное_событие	-0.2227370031325965	0.025167599619988573	101.0	2.541927561618846															
46	46											293_соблюдение_закона-правонарушение	-0.2133789354047553	0.014787645021696728	130	1.9223938528205744	191_техническое_взаимодействие-животные_взаимоотношения	-0.28498658267979937	0.04716924448098022	49.0	2.3112929795680306											84_последовательность-разлад	-0.2699142394707815	0.021850810350135245	72.0	1.5732583452097375																					79_многообразие-единство	0.2221217003486269	0.02558349926953717	101.0	2.5839334262232536															
47	47											203_концепция-хаотичность	0.21170493126515655	0.01560745028658823	130	2.0289685372564703	36_спокойствие-деятельность	0.2846427351355291	0.04744809712794788	49.0	2.3249567592694462											120_усталость-покой	0.269773164162236	0.021922595857039352	72.0	1.5784269017068333																					24_активность-пассивность	0.2217081088870812	0.02586633522276066	101.0	2.6124998574988267															
48	48											269_власть-беспорядок	-0.2108831170134056	0.016024180224792517	130	2.083143429223027	243_проблема-решение_проблем	0.2841913404500035	0.047816202490913666	49.0	2.34299392205477											159_реальная_жизнь-выдуманная_жизнь	0.2684667343719103	0.022596956230728084	72.0	1.6269808486124218																					121_несовременность-актуальность	0.21983220355485567	0.027182838152691846	101.0	2.745466653421877															
49	49											241_нападение-оборона	0.21080070699882011	0.016066497596770198	130	2.0886446875801257	111_нежелание-желание	-0.2841792275795445	0.04782611225160557	49.0	2.3434795003286735											62_жизнь-смерть	-0.2640832764897998	0.024989960500712092	72.0	1.7992771560512704																					21_получение_результата-разработка	0.2185332349526572	0.02812745317253874	101.0	2.840872770426413															
50	50											239_радость-недовольство	-0.2106950295951413	0.016120904763869518	130	2.0957176193030382	227_иерархия-равенство	-0.28364182533341353	0.04826745437576964	49.0	2.3651052644127124											38_личное-общее	0.2630141721640724	0.025605121120223995	72.0	1.843568720656128																					269_власть-беспорядок	-0.21830111020448686	0.028299155929060037	101.0	2.8582147488350635															
51	51											116_смерть-жизнь	0.2105550693842532	0.016193208445681343	130	2.1051170979385745	156_физический_труд-умственный_труд	0.2836417377637744	0.048267526561229165	49.0	2.3651088015002286											10_рутина-отдых	0.262378016656149	0.025977209485407708	72.0	1.8703590829493555																					230_отступление-наступление	0.2159126958892101	0.03011811193865735	101.0	3.041929305804392															
52	52											89_апатия-взбудораженность	-0.2102638614772485	0.01634455005987836	130	2.124791507784187																101_фиксация-пересмотр	0.2606066715004973	0.027037449822719814	72.0	1.9466963872358267																					26_ненависть-дружба	-0.21367665852683887	0.03190974759141713	101.0	3.2228845067331298															
53	53											137_вертикальные_отношения-горизонтальные_отношения	-0.2094070334507063	0.0167969902263361	130	2.183608729423693																205_отдых-рабочий_процесс	0.25767161227798074	0.028874623970807343	72.0	2.0789729258981287																					232_проблема-решение_проблем	-0.2121157277904563	0.03321309188445507	101.0	3.3545222803299617															
54	54											171_работа-отдых	-0.20888739025281786	0.017076643105920074	130	2.2199636037696098																142_равенство-иерархия	0.2571459902512436	0.02921448937517942	72.0	2.103443235012918																					122_неопределенная_тема-здоровье	0.21049363969263807	0.034614746353006765	101.0	3.4960893816536838															
55	55											300_беспокойство-спокойствие	-0.20886531659915836	0.017088611191651826	130	2.221519454914737																8_застой-работа	0.2565914481925623	0.029576698765199444	72.0	2.12952231109436																					179_работа-искусство	-0.209517290373486	0.035482159366696985	101.0	3.5836980960363967															
56	56											150_безопасность-опасность	-0.2079999537749679	0.017563567719800968	130	2.283263803574126																56_протест-мир	-0.2547707907912011	0.030792570287066917	72.0	2.2170650606688183																					45_наука-быт	-0.20944953901559726	0.0355430229924926	101.0	3.5898453222417523															
57	57											85_направление-дезориентация	-0.20708093131020025	0.01808045530107854	130	2.35045918914021																227_иерархия-равенство	-0.2539371607273419	0.03136314234123018	72.0	2.2581462485685733																					65_серьёзность-веселье	-0.2092714001662876	0.035703470519769215	101.0	3.6060505224966906															
58	58											11_приобретение-постоянное_местонахождение	0.2068794901088188	0.018195495219411138	130	2.365414378523448																146_разум-чувство	-0.25334713548561205	0.031772321766050236	72.0	2.2876071671556164																					280_радость-недовольство	0.20901957173906247	0.035931326912445216	101.0	3.629064018156968															
59	59											295_прощение-мстительность	0.2062822310214881	0.018540310917834944	130	2.410240419318543																250_быт-война	-0.25330086689347725	0.0318045972684914	72.0	2.2899310033313807																					296_равенство-иерархия	0.2088581159202777	0.036078054854873406	101.0	3.6438835403422143															
60	60											208_неживая_природа-живая_природа	-0.20606461266855236	0.01866734563316012	130	2.4267549323108155																129_успех-беда	0.25238750627805345	0.03244738035310315	72.0	2.3362113854234265																					93_учёба-отдых	0.208454994565242	0.03644660105495502	101.0	3.681106706550457															
61	61											254_свобода-неволя	-0.20574012671791855	0.018858161686715773	130	2.4515610192730506																166_порядочность-мошенничество	-0.2504493762103766	0.03384746721309904	72.0	2.437017639343131																					9_трудности-отсутствие_проблем	0.208146184641488	0.036731057175980734	101.0	3.7098367747740544															
62	62											262_серьезность-шутка	-0.20558199040454492	0.01895176413901941	130	2.4637293380725227																209_отрицание-утверждение	-0.2502549976499861	0.033990631353966363	72.0	2.447325457485578																					186_движение-неподвижность	0.20812510862749853	0.03675053876176467	101.0	3.711804414938232															
63	63											122_неопределенная_тема-здоровье	0.2054914836574228	0.019005516410220972	130	2.4707171333287268																179_работа-искусство	-0.24994204508171386	0.034222191805773385	72.0	2.463997810015683																					86_доказательство-совпадение	0.20768540659757154	0.037158957557840516	101.0	3.753054713341892															
64	64											63_мир-война	0.20538547735679805	0.019068641372198904	130	2.4789233783858577																268_отдых-работа	0.2480135386496821	0.035678423337475194	72.0	2.568846480298214																					172_наука-быт	-0.20711638849757788	0.03769313423158537	101.0	3.8070065573901215															
65	65											279_соблюдение_закона-правонарушение	0.2045822902033388	0.019552838450951515	130	2.541868998623697																197_проблема-решение_проблем	-0.2454757653453428	0.037673178773453095	72.0	2.712468871688623																					99_благоразумие-безолаберность	0.20700255826325192	0.037800763142164066	101.0	3.8178770773585713															
66	66											102_фантастика-реальность	0.20453242000312885	0.019583249281401708	130	2.5458224065822224																73_наука-физический_труд	0.2432528243293595	0.0394959286228133	72.0	2.8437068608425577																					89_апатия-взбудораженность	0.2059857704098624	0.03877362674298481	101.0	3.9161363010414667															
67	67											16_воля-неволя	-0.20423121839363506	0.01976779123442341	130	2.5698128604750434																192_производство-наука	-0.2414831413036136	0.04099885504649109	72.0	2.9519175633473584																					32_разруха-реализация	0.20411566625721048	0.040617653923114214	101.0	4.102383046234535															
68	68											207_фантастика-реальность	0.20416540458322646	0.019808313594090715	130	2.575080767231793																147_рассудительность-беспокойство	0.2398649868581845	0.042414291549385266	72.0	3.0538289915557395																					91_здоровье-болезнь	0.20391702879168905	0.0408177525792356	101.0	4.122593010502796															
69	69											73_наука-физический_труд	-0.20385581655771948	0.01999989366407025	130	2.5999861763291325																105_сущность-внешность	0.2395353979809044	0.042707491390516085	72.0	3.0749393801171587																					292_экстрим-повседневность	-0.2039028680354546	0.040832048861724785	101.0	4.124036935034201															
70	70											25_скрытность-прозрачность	-0.20380190598292516	0.020033417618975768	130	2.6043442904668503																49_развитие-откат	-0.2381168255433964	0.04398864544926133	72.0	3.1671824723468167																					171_работа-отдых	-0.20351409992658656	0.04122617284204423	101.0	4.163843457046467															
71	71											244_смерть-жизнь	0.2036929513269494	0.020101318375995013	130	2.613171388879352																63_мир-война	0.2381038559695593	0.04400050347556473	72.0	3.1680362502406605																					288_радость-недовольство	0.2033709675914847	0.041372073960274924	101.0	4.178579469987767															
72	72											50_проблема-взаимовыручка	-0.20348789681342236	0.020229647139008263	130	2.629854128071074																32_разруха-реализация	0.23646211947000445	0.04552299893945637	72.0	3.2776559236408587																					49_развитие-откат	-0.20307298601804208	0.04167720146561533	101.0	4.2093973480271485															
73	73											42_деструктивная_коммуникация-конструктивная_коммуникация	-0.20291754093945205	0.020590312913481984	130	2.6767406787526578																16_воля-неволя	-0.2363032663639079	0.045672591160760334	72.0	3.288426563574744																					120_усталость-покой	-0.20297949074862529	0.041773324645992885	101.0	4.2191057892452815															
74	74											77_природные_процессы-военные_процессы	0.20270504272489506	0.020726096282258518	130	2.694392516693607																24_активность-пассивность	-0.234269886224076	0.04762347281187743	72.0	3.4288900424551745																					146_разум-чувство	-0.20191110647581686	0.042884919546744386	101.0	4.331376874221184															
75	75											223_бытовые_ситуации-глобальные_происшествия	-0.2026165673113404	0.020782857873781733	130	2.7017715235916246																139_свобода-неволя	-0.2331462251545619	0.04873061780301202	72.0	3.508604481816865																					208_неживая_природа-живая_природа	-0.2015084898232913	0.043310158514936206	101.0	4.374326010008557															
76	76											242_отдых-работа	0.2023988437146855	0.0209231094359944	130	2.7200042266792708																251_недостаток-достоинство	-0.2331205835460693	0.04875612715185824	72.0	3.510441154933793																					173_отдых-работа	0.20069284328731585	0.04418239202016546	101.0	4.4624215940367105															
77	77											184_правонарушение-соблюдение_закона	0.2021695937145077	0.021071666230015117	130	2.739316609901965																																									102_фантастика-реальность	0.19985433251488355	0.04509424611705909	101.0	4.554518857822968															
78	78											179_работа-искусство	-0.2020789273440849	0.02113066925989368	130	2.7469870037861783																																									283_героизм-малодушие	-0.19920474872437585	0.04581134143567259	101.0	4.626945485002931															
79	79											107_мир-драка	0.2017244685148725	0.021362707753789914	130	2.777152007992689																																									270_древность-современность	-0.19887155035648607	0.04618282431733037	101.0	4.664465256050367															
80	80											299_веселье-грусть	0.201713198903061	0.021370120977067662	130	2.7781157270187964																																									90_отдых-напряжение	0.1971906440333076	0.048095150123227605	101.0	4.857610162445988															
81	81											9_трудности-отсутствие_проблем	0.2016027452715494	0.021442895343618325	130	2.7875763946703818																																																												
82	82											162_история-одномоментное_происшествие	0.20149715451687336	0.02151266498734979	130	2.7966464483554727																																																												
83	83											139_свобода-неволя	-0.20101693598870946	0.021832441321264075	130	2.8382173717643298																																																												
84	84											164_устранение-дополнение	0.2008400759829561	0.021951237546918054	130	2.853660881099347																																																												
85	85											35_кончина-вечное_искусство	-0.20067795237428876	0.022060623183974528	130	2.8678810139166893																																																												
86	86											56_протест-мир	-0.19965678536171488	0.02276043732801758	130	2.9588568526422856																																																												
87	87											59_увядание-расцвет	0.1996112728866636	0.022792066148536825	130	2.962968599309787																																																												
88	88											294_испытание-безмятежность	0.19890377414445756	0.023288615556898103	130	3.0275200223967533																																																												
89	89											8_застой-работа	0.1988143154060565	0.023352057186457685	130	3.0357674342394985																																																												
90	90											53_подчинение-неповиновение	0.19843873320137675	0.02362002992160556	130	3.0706038898087225																																																												
91	91											261_болезнь-здоровье	-0.19770653691113946	0.024150028857531515	130	3.139503751479096																																																												
92	92											86_доказательство-совпадение	0.19750342344155514	0.024298845145584873	130	3.1588498689260334																																																												
93	93											215_творчество-власть	-0.19738572848425567	0.02438543629407176	130	3.1701067182293285																																																												
94	94											167_дополнение-устранение	-0.1973779224909288	0.024391188693705386	130	3.1708545301817																																																												
95	95											169_потеря-приобретение	0.1964970236146663	0.02504785119307412	130	3.2562206550996358																																																												
96	96											282_путешествие-домоседство	-0.19618917992404106	0.025280871005746358	130	3.2865132307470266																																																												
97	97											174_праздник-быт	0.1961270302875956	0.025328138937223545	130	3.2926580618390604																																																												
98	98											115_наследство-собственность	0.1961259485381496	0.02532896233096609	130	3.292765103025592																																																												
99	99											64_человеческое_взаимодействие-механическое_взаимодействие	-0.19579054822342534	0.02558536489815595	130	3.3260974367602736																																																												
100	100											47_журналистика-литература	0.1955545861830544	0.025767076940004286	130	3.3497200022005567																																																												
101	101											99_благоразумие-безолаберность	0.19533603505595634	0.025936363765921237	130	3.37172728956976																																																												
102	102											84_последовательность-разлад	-0.19488464522078291	0.026289014401193314	130	3.417571872155131																																																												
103	103											260_быт-искусство	0.19485059525850995	0.02631578140972473	130	3.4210515832642154																																																												
104	104											39_целостность-пустота	0.19483293198945376	0.02632967584372871	130	3.4228578596847323																																																												
105	105											88_лишение-наделение	0.1938216263919619	0.027135713452573915	130	3.5276427488346087																																																												
106	106											205_отдых-рабочий_процесс	0.1934129204627162	0.02746738398559433	130	3.5707599181272625																																																												
107	107											253_соблюдение_закона-правонарушение	0.19241693769333024	0.028290140228880475	130	3.677718229754461																																																												
108	108											111_нежелание-желание	0.19240754977918215	0.02829799409616828	130	3.6787392325018766																																																												
109	109											190_погода-животное	-0.19239792132509265	0.02830605112598685	130	3.6797866463782913																																																												
110	110											87_народ-власть	-0.19238651199312465	0.028315600911687142	130	3.681028118519329																																																												
111	111											177_изыскание-решение	-0.1921014122576322	0.028555126038206383	130	3.712166384966829																																																												
112	112											250_быт-война	-0.19191928025399024	0.028709044365853663	130	3.7321757675609764																																																												
113	113											97_активность-пассивность	-0.19175998990439416	0.028844237582353945	130	3.7497508857060127																																																												
114	114											213_обозрение-сокрытие	-0.19165267942967185	0.028935619379987888	130	3.7616305193984254																																																												
115	115											193_порядок-беспорядок	-0.19164120659266726	0.028945403798228176	130	3.762902493769663																																																												
116	116											281_домоседство-путешествие	0.1915412148127012	0.029030799347020176	130	3.774003915112623																																																												
117	117											154_знание-сомнение	0.1914077463765729	0.029145118658705962	130	3.788865425631775																																																												
118	118											168_работа-праздность	-0.1900533698679732	0.03032699105561182	130	3.942508837229537																																																												
119	119											163_человек-инструмент	0.18995232083156827	0.030416777992101462	130	3.9541811389731896																																																												
120	120											206_расслабление-напряжение	0.18986842063096168	0.030491498733493768	130	3.9638948353541896																																																												
121	121											188_страх-надёжность	0.18957133345372595	0.030757335698291643	130	3.9984536407779134																																																												
122	122											165_улучшение-ухудшение	-0.1893598989391476	0.030947725294003237	130	4.0232042882204215																																																												
123	123											289_недовольство-радость	0.18859386882749	0.03164590338941475	130	4.113967440623918																																																												
124	124											19_быстрое_явление-длительное_явление	0.18856117986645574	0.03167599146370188	130	4.117878890281244																																																												
125	125											37_низ-верх	-0.18809240051594914	0.03211014610211192	130	4.174318993274548																																																												
126	126											149_нищета-состояние	-0.18685805327692293	0.03327749451374205	130	4.326074286786466																																																												
127	127											280_радость-недовольство	0.1861545066497232	0.03395876763212216	130	4.414639792175881																																																												
128	128											251_недостаток-достоинство	-0.1858881832166311	0.03421971603750375	130	4.448563084875487																																																												
129	129											134_физическое-абстрактное	-0.18569765636757773	0.03440743499619254	130	4.47296654950503																																																												
130	130											26_ненависть-дружба	-0.18568476295690964	0.03442016973954375	130	4.474622066140689																																																												
131	131											142_равенство-иерархия	0.185460519002149	0.034642291411414346	130	4.503497883483865																																																												
132	132											44_упорядоченность-однородная_масса	0.1852308883809644	0.034871001396216066	130	4.533230181508087																																																												
133	133											172_наука-быт	-0.1851087379437196	0.034993180380037736	130	4.5491134494049055																																																												
134	134											106_кончина-вечное_искусство	0.1846550798697066	0.035450110685471346	130	4.608514389111276																																																												
135	135											29_негативные_чувства-духовные_чувства	-0.1842103538542782	0.035902917487658295	130	4.667379273395579																																																												
136	136											118_покой-беспокойство	0.1839486181650528	0.036171680194328884	130	4.702318425262756																																																												
137	137											104_неподвижность-подвижность	0.1837728406056235	0.036353126684572065	130	4.725906468994368																																																												
138	138											81_религия-наука	-0.18338488829660396	0.036756304932697936	130	4.778319641250731																																																												
139	139											54_реальность-когнитивные_процессы	0.1827316593205998	0.037443674317118314	130	4.86767766122538																																																												
140	140											148_усталость-бодрость	0.1827235929166816	0.03745222941664195	130	4.868789824163454																																																												
141	141											225_кража-находка	0.1824570986129464	0.03773579472627787	130	4.9056533144161225																																																												
142	142											119_окончание-процесс	-0.1824284867876691	0.03776634637571125	130	4.909625028842462																																																												
143	143											94_проблема-решение_проблем	-0.18239330466931047	0.037803942273693714	130	4.9145124955801816																																																												
144	144											96_наука-быт	0.18227872448753016	0.03792660174129494	130	4.930458226368343																																																												
145	145											17_полемика-консенсус	0.18225978811817506	0.03794690552821909	130	4.933097718668482																																																												
146	146											220_власть-наука	-0.18173825032890853	0.038509705341491465	130	5.00626169439389																																																												
147	147											159_реальная_жизнь-выдуманная_жизнь	0.18135453244321195	0.03892824371709485	130	5.06067168322233																																																												
148	148											257_тёплые_чувства-холодные_чувства	-0.18105835359812936	0.0392539046187054	130	5.1030076004317015																																																												
149	149											229_закрытие-открытие	0.1804988905284499	0.039875296234578084	130	5.183788510495151																																																												
150	150											270_древность-современность	-0.1800197391285531	0.04041402318537067	130	5.253823014098186																																																												
151	151											10_рутина-отдых	0.1797957104145442	0.040667991251437316	130	5.286838862686851																																																												
152	152											112_профессиональный-любительский	0.17965933925089028	0.040823240719719184	130	5.307021293563493																																																												
153	153											199_уют-неуют	0.17957415065544868	0.0409204738918979	130	5.3196616059467265																																																												
154	154											113_скрытность-прозрачность	-0.1791527748902339	0.0414042833214104	130	5.382556831783352																																																												
155	155											36_спокойствие-деятельность	0.17913164869074427	0.04142866519795395	130	5.385726475734012																																																												
156	156											176_животное-человек	0.1788996509948195	0.04169720652793419	130	5.420636848631445																																																												
157	157											98_разрушение-поддержание	-0.1786540191456404	0.04198311520426465	130	5.457804976554403																																																												
158	158											5_польза-вред	0.17798697128817545	0.042767822813745526	130	5.559816965786919																																																												
159	159											183_неживая_природа-живая_природа	0.17780902950616995	0.0429792099220544	130	5.587297289867071																																																												
160	160											52_близость-расстояние	0.1773397028875657	0.04354093965869602	130	5.660322155630483																																																												
161	161											245_любовь-ненависть	0.17654814736407526	0.044502219893104634	130	5.7852885861036025																																																												
162	162											38_личное-общее	0.17554127346621642	0.04575049457011587	130	5.947564294115063																																																												
163	163											75_действующее_лицо-зритель	0.17508395710888827	0.046327006344558885	130	6.022510824792656																																																												
164	164											226_человек-транспорт	-0.17486794752935214	0.046601411365262	130	6.058183477484062																																																												
165	165											83_речь-текст	-0.1747914671731516	0.046698890692964456	130	6.070855790085379																																																												
166	166											288_радость-недовольство	0.1740148179570467	0.04769842036497254	130	6.20079464744643																																																												
167	167											287_вода-земля	-0.17352067697516674	0.04834357116138119	130	6.284664250979555																																																												
168	168											144_физический_труд-искусство	-0.1731173738771111	0.04887547726270184	130	6.3538120441512405																																																												
169	169											105_сущность-внешность	0.1725004987795327	0.04969844329488913	130	6.460797628335588																																																												
