	Unnamed: 0	свой_DET	свой_DET.1	свой_DET.2	свой_DET.3	свой_DET.4	они_PRON	они_PRON.1	они_PRON.2	они_PRON.3	они_PRON.4	он_PRON	он_PRON.1	он_PRON.2	он_PRON.3	он_PRON.4	хотеть_VERB	хотеть_VERB.1	хотеть_VERB.2	хотеть_VERB.3	хотеть_VERB.4	время_NOUN	время_NOUN.1	время_NOUN.2	время_NOUN.3	время_NOUN.4	человек_NOUN	человек_NOUN.1	человек_NOUN.2	человек_NOUN.3	человек_NOUN.4	очень_ADV	очень_ADV.1	очень_ADV.2	очень_ADV.3	очень_ADV.4	мочь_VERB	мочь_VERB.1	мочь_VERB.2	мочь_VERB.3	мочь_VERB.4	мы_PRON	мы_PRON.1	мы_PRON.2	мы_PRON.3	мы_PRON.4	жизнь_NOUN	жизнь_NOUN.1	жизнь_NOUN.2	жизнь_NOUN.3	жизнь_NOUN.4	потом_ADV	потом_ADV.1	потом_ADV.2	потом_ADV.3	потом_ADV.4	знать_VERB	знать_VERB.1	знать_VERB.2	знать_VERB.3	знать_VERB.4	год_NOUN	год_NOUN.1	год_NOUN.2	год_NOUN.3	год_NOUN.4	хороший_ADJ	хороший_ADJ.1	хороший_ADJ.2	хороший_ADJ.3	хороший_ADJ.4	произойти_VERB	произойти_VERB.1	произойти_VERB.2	произойти_VERB.3	произойти_VERB.4	ждать_VERB	ждать_VERB.1	ждать_VERB.2	ждать_VERB.3	ждать_VERB.4	день_NOUN	день_NOUN.1	день_NOUN.2	день_NOUN.3	день_NOUN.4	видеть_VERB	видеть_VERB.1	видеть_VERB.2	видеть_VERB.3	видеть_VERB.4	жить_VERB	жить_VERB.1	жить_VERB.2	жить_VERB.3	жить_VERB.4	ничто_PRON	ничто_PRON.1	ничто_PRON.2	ничто_PRON.3	ничто_PRON.4
	Unnamed: 0	Dim	Pearson C	P-value	Occ	P-Bonferroni	Dim.1	Pearson C.1	P-value.1	Occ.1	P-Bonferroni.1	Dim.2	Pearson C.2	P-value.2	Occ.2	P-Bonferroni.2	Dim.3	Pearson C.3	P-value.3	Occ.3	P-Bonferroni.3	Dim.4	Pearson C.4	P-value.4	Occ.4	P-Bonferroni.4	Dim.5	Pearson C.5	P-value.5	Occ.5	P-Bonferroni.5	Dim.6	Pearson C.6	P-value.6	Occ.6	P-Bonferroni.6	Dim.7	Pearson C.7	P-value.7	Occ.7	P-Bonferroni.7	Dim.8	Pearson C.8	P-value.8	Occ.8	P-Bonferroni.8	Dim.9	Pearson C.9	P-value.9	Occ.9	P-Bonferroni.9	Dim.10	Pearson C.10	P-value.10	Occ.10	P-Bonferroni.10	Dim.11	Pearson C.11	P-value.11	Occ.11	P-Bonferroni.11	Dim.12	Pearson C.12	P-value.12	Occ.12	P-Bonferroni.12	Dim.13	Pearson C.13	P-value.13	Occ.13	P-Bonferroni.13	Dim.14	Pearson C.14	P-value.14	Occ.14	P-Bonferroni.14	Dim.15	Pearson C.15	P-value.15	Occ.15	P-Bonferroni.15	Dim.16	Pearson C.16	P-value.16	Occ.16	P-Bonferroni.16	Dim.17	Pearson C.17	P-value.17	Occ.17	P-Bonferroni.17	Dim.18	Pearson C.18	P-value.18	Occ.18	P-Bonferroni.18	Dim.19	Pearson C.19	P-value.19	Occ.19	P-Bonferroni.19
0	0	165_улучшение-ухудшение	-0.18130269962304024	0.004496117296151448	244.0	1.0970526202609534	16_воля-неволя	0.1597806046748817	0.02937315070495324	186.0	5.463406031121303	223_бытовые_ситуации-глобальные_происшествия	-0.21226002154655316	0.0014672917429242528	222.0	0.3257387669291841	138_война-мир	-0.12452696787447515	0.04126738579283035	269.0	11.100926778271363	103_познание-непостижимость	-0.21001928015513333	0.00026116001691130523	298	0.07782568503956896	16_воля-неволя	-0.19182081954768992	0.0252755412081009	136.0	3.4374736043017213	266_мир-война	-0.1752770735292962	0.0006404066966760494	376.0	0.24079291795019456	221_получение_денег-отсутствие_денег	-0.1969153649080589	0.013744780732782305	156.0	2.144185794314039	236_умственный_труд-физический_труд	-0.11862290717961795	0.014065406590882805	428.0	6.01999402089784	6_холодное_отношение-тёплое_отношение	-0.17808412454232347	0.018382228967608667	175.0	3.2168900693315168	117_живая_природа-неживая_природа	-0.2793939536470784	0.0021843846250696147	118.0	0.2577573857582145	229_закрытие-открытие	0.14642251320306776	0.03758422045472655	202.0	7.592012531854763	72_недостаток-достоинство	0.18480144979064506	0.00783255822372775	206.0	1.6135069940879163	84_последовательность-разлад	0.14007748692186225	0.014511901108191796	304.0	4.411617936890306	255_голод-неопределенная_тема	-0.21932466035533207	0.023221202553084616	107.0	2.484668673180054	27_труд-фортуна	0.1556752998505249	0.009587951716079651	276.0	2.646274673637984	74_тёплые_чувства-холодные_чувства	-0.18220637963682007	0.010998007107510569	194.0	2.13361337885705	83_речь-текст	0.20087831811872145	0.01902932967451869	136.0	2.587988835734542	212_наука-быт	0.17320985685428625	0.0478770743406695	131.0	6.271896738627706	163_человек-инструмент	0.2612606341564332	0.009000671548195085	99.0	0.8910664832713134
1	1	143_неважность-значимость	-0.1790920838472219	0.005018199823863164	244.0	1.2244407570226123						30_стихийное_собрание-мероприятия	0.20413055639033745	0.002238956537210796	222.0	0.4970483512607967						38_личное-общее	0.20512059055488108	0.00036521994673148034	298	0.10883554412598112	117_живая_природа-неживая_природа	-0.18079059738828454	0.035179111914699995	136.0	4.7843592203992005	141_микробиология-неопределенная_тема	0.17276322505078134	0.0007677154301853988	376.0	0.28866100174970993	241_нападение-оборона	0.1922625055999614	0.016193622505122098	156.0	2.526205110799047	52_близость-расстояние	0.11164453144095246	0.020877533769140186	428.0	8.935584453192	40_уклад_жизни-дисциплина	0.1642972094695085	0.029806062217754087	175.0	5.2160608881069646	275_жизненный_процесс-кончина	0.26225885321719805	0.004118649666394519	118.0	0.4860006606345532	245_любовь-ненависть	0.14018165158058962	0.046609929414578616	202.0	9.415205741744881	7_чужбина-родной_дом	-0.16090335425965158	0.02086492683353181	206.0	4.298174927707554	6_холодное_отношение-тёплое_отношение	-0.13326736274149814	0.02010402463221819	304.0	6.111623488194328	34_духовное_наслаждение-физическое_наслаждение	-0.19340786236434335	0.0459320973340786	107.0	4.91473441474641	134_физическое-абстрактное	-0.11949308260445099	0.04733727428308032	276.0	13.06508770213017	229_закрытие-открытие	0.1544627340046987	0.03152073468974705	194.0	6.115022529810928	132_правонарушение-соблюдение_закона	0.18996249285322267	0.02675412974767974	136.0	3.638561645684444						9_трудности-отсутствие_проблем	0.2566705199750993	0.0103318372054103	99.0	1.0228518833356195
2	2	149_нищета-состояние	-0.17456809813650548	0.006259632594161096	244.0	1.5273503529753074						21_получение_результата-разработка	0.2022353804489867	0.0024652494995977985	222.0	0.5472853889107113						183_неживая_природа-живая_природа	0.2028398300186048	0.00042582212907245614	298	0.12689499446359195	160_победа-поражение	0.18070904417398007	0.03526306486436233	136.0	4.795776821553277	186_движение-неподвижность	-0.1695132209170243	0.0009670136301060938	376.0	0.3635971249198913	180_потребление-вывод	-0.19130352660385905	0.016743074077131652	156.0	2.6119195560325377	144_физический_труд-искусство	0.10405617357611677	0.03137523590719781	428.0	13.428600968280664	14_изобилие-недостаток	-0.15416864141484593	0.041646168521320866	175.0	7.2880794912311515	75_действующее_лицо-зритель	0.2619505135921327	0.004164400761465559	118.0	0.4913992898529359	41_развлечение-когнитивная-способность	-0.13817938649690414	0.04986405891077728	202.0	10.07253989997701	234_холодное_отношение-тёплое_отношение	-0.1605624907809933	0.0211407855711042	206.0	4.355001827647465	159_реальная_жизнь-выдуманная_жизнь	0.1304237239046532	0.022943733916105314	304.0	6.974895110496014	276_начало-конец	-0.1920146257850168	0.047550526218325034	107.0	5.087906305360779						6_холодное_отношение-тёплое_отношение	0.14896378544839206	0.03817253012069177	194.0	7.405470843414202	31_интеллект-культура	-0.18205140636175668	0.033902515094216316	136.0	4.6107420528134195						138_война-мир	0.2315243561871212	0.021121499758999962	99.0	2.0910284761409965
3	3	93_учёба-отдых	0.1686096259018135	0.00831108223552525	244.0	2.0279040654681606						87_народ-власть	0.19419811202971068	0.0036741998487117033	222.0	0.8156723664139981						172_наука-быт	-0.19838657753157224	0.0005719267767558735	298	0.17043417947325032						146_разум-чувство	0.16942964419291145	0.0009727177842067287	376.0	0.36574188686173	209_отрицание-утверждение	-0.1903514900053876	0.01730450811704416	156.0	2.6995032662588887	164_устранение-дополнение	0.09794048876627612	0.042851547845079316	428.0	18.340462477693947	240_осторожность-риск	0.15189194728242525	0.04479228787304389	175.0	7.838650377782682	169_потеря-приобретение	0.2545881700514979	0.0054009713679493455	118.0	0.6373146214180226						107_мир-драка	0.1599819688451597	0.02161786065634353	206.0	4.453279295206769	18_уменьшение-расширение	-0.12370482120486828	0.03106255483426536	304.0	9.443016669616668	56_протест-мир	-0.19009016720747246	0.049863493020666345	107.0	5.3353937532112985						39_целостность-пустота	-0.1475541895942161	0.040056815008889315	194.0	7.771022111724528	208_неживая_природа-живая_природа	0.17790936258637813	0.0382493661038329	136.0	5.2019137901212735						30_стихийное_собрание-мероприятия	-0.21881501897177974	0.029557243724766688	99.0	2.9261671287519024
4	4	48_отдаление-приближение	-0.15951850627624808	0.012597130006998669	244.0	3.073699721707675						264_безопасность-опасность	-0.1940574556497021	0.003699456130994496	222.0	0.821279261080778						269_власть-беспорядок	-0.1969413035555488	0.0006285394855693709	298	0.18730476669967253						182_светское_общество-религия	-0.16826976278645694	0.0010551511014338768	376.0	0.3967368141391376	204_столкновение-мир	0.18912577011545068	0.018051361474478243	156.0	2.816012390018606	67_неизменность-изменение	-0.09643055690371996	0.04617554289342013	428.0	19.763132358383814						228_народ-власть	0.2528050012377575	0.005745814221980042	118.0	0.678006078193645						192_производство-наука	-0.1590309536585803	0.02241951559020277	206.0	4.618420211581769	215_творчество-власть	0.1237017384746947	0.031066780982569087	304.0	9.444301418701004											263_влияние-зависимость	-0.14701853030160786	0.04079309985426944	194.0	7.913861371728271	214_спешка-неторопливость	-0.1768550981552898	0.03942769845462521	136.0	5.362166989829028						181_дополнение-устранение	-0.2163277683697248	0.03150518796862114	99.0	3.1190136088934928
5	5	1_иерархия-равенство	-0.15933773312462718	0.012699171351254828	244.0	3.0985978097061784						182_светское_общество-религия	0.19372422533093386	0.003759917738292179	222.0	0.8347017379008637						254_свобода-неволя	-0.19639252338574015	0.0006513623054837593	298	0.19410596703416028						177_изыскание-решение	0.16713732077682214	0.0011418008953442127	376.0	0.429317136649424	23_мир-конфликт	-0.1879741309224634	0.018778388245644418	156.0	2.9294285663205297	257_тёплые_чувства-холодные_чувства	-0.09506016357846897	0.04937708585953162	428.0	21.133392747879533						89_апатия-взбудораженность	-0.24829274639022744	0.0067074823003083345	118.0	0.7914829114363834						138_война-мир	0.1572397323457803	0.02399924500259439	206.0	4.943844470534445	117_живая_природа-неживая_природа	0.12144366146148194	0.034297247624483045	304.0	10.426363277842846																283_героизм-малодушие	0.17587179836683886	0.04055403074165941	136.0	5.51534818086568						55_армия-гражданская_жизнь	0.210433557546258	0.036557933511095736	99.0	3.619235417598479
6	6	200_природа-техника	-0.15931115360801815	0.012714235886076057	244.0	3.1022735562025576						49_развитие-откат	-0.19103470937572506	0.004281507377184135	222.0	0.950494637734878						130_размеренная_жизнь-напряжённая_жизнь	0.19454781971380228	0.0007338210603985728	298	0.21867867599877472						173_отдых-работа	-0.1669026157741493	0.0011605597717936193	376.0	0.4363704741944008	24_активность-пассивность	-0.1866367261344964	0.019654393514654468	156.0	3.0660853882860977											223_бытовые_ситуации-глобальные_происшествия	-0.2464918932934099	0.0071295128060536546	118.0	0.8412825111143312						295_прощение-мстительность	-0.1565749016604979	0.024609488800691217	206.0	5.069554692942392	104_неподвижность-подвижность	-0.12005088509958665	0.03642888853180988	304.0	11.074382113670204																51_творческая_реализация - эмоциональное_переживание	0.17338415942661126	0.04352448047758888	136.0	5.919329344952088						251_недостаток-достоинство	-0.20692123285146807	0.039880025523151084	99.0	3.948122526791957
7	7	9_трудности-отсутствие_проблем	0.15751728018170252	0.013767983677252677	244.0	3.3593880172496533						82_суматоха-спокойствие	0.1904354033935076	0.004406261981309703	222.0	0.9781901598507536						293_соблюдение_закона-правонарушение	-0.1941803847682307	0.0007513563687252526	298	0.22390419788012528						164_устранение-дополнение	-0.16616582864207774	0.0012213062621559347	376.0	0.4592111545706314	67_неизменность-изменение	0.18439226782686213	0.021204018552970924	156.0	3.3078268942634637											81_религия-наука	-0.24362906341658416	0.007848942023547287	118.0	0.92617515877858						33_абстрактная_работа-конкретная_работа	0.15027107750909272	0.031089227585082167	206.0	6.404380882526929	61_единство-разрозренность	0.11942393086432827	0.037424505099975976	304.0	11.377049550392694																152_исчезнование-появление	0.17105128407400674	0.046473138908114525	136.0	6.320346891503576						232_проблема-решение_проблем	-0.2065203818714569	0.04027471136688245	99.0	3.9871964253213634
8	8	285_опасность-безопасность	0.1574804174793301	0.01379041809390981	244.0	3.3648620149139936						226_человек-транспорт	-0.19000304271075172	0.0044982860968614076	222.0	0.9986195135032326						100_труд-отдых	-0.19360692118177286	0.0007794991836807729	298	0.2322907567368703						158_конец-начало	0.1645266763430514	0.0013670826898537602	376.0	0.5140230913850138	258_конец-начало	-0.18405468677891895	0.02144597929803144	156.0	3.3455727704929035											176_животное-человек	0.2433470068863318	0.007923182848112859	118.0	0.9349355760773173						273_жар-холод	0.14988170268620105	0.03153320161811537	206.0	6.4958395333317664	284_учеба-производство	0.11912062251628465	0.03791437657723885	304.0	11.525970479480609																127_начало-конец	-0.17057733245188772	0.04709207526953384	136.0	6.404522236656603						157_отсутствие_чувств-чувства	0.19763750964067825	0.04989286632114938	99.0	4.939393765793789
9	9	245_любовь-ненависть	0.1563558879968175	0.014490393864104431	244.0	3.5356561028414815						195_болезнь-работа	0.18845991975234933	0.0048409937030118215	222.0	1.0747006020686245						121_несовременность-актуальность	0.19344958447536653	0.0007873889514831949	298	0.2346419075419921						238_дистанция-близость	-0.1642879713431152	0.0013895974655678699	376.0	0.5224886470535192	177_изыскание-решение	-0.1820701533952707	0.022917063254024376	156.0	3.5750618676278028											82_суматоха-спокойствие	-0.2426472197817837	0.008110062435938179	118.0	0.9569873674407052						91_здоровье-болезнь	0.13776972340756455	0.0482951600509397	206.0	9.948802970493578	57_улица-дом	-0.11877598116928775	0.038477580483187265	304.0	11.697184466888931																21_получение_результата-разработка	-0.16885704890538894	0.04939648482669613	136.0	6.717921936430674										
10	10	20_покой-беспокойство	-0.15471928213443673	0.01556470408888591	244.0	3.797787797688161						263_влияние-зависимость	0.1871726271483441	0.005144640936200468	222.0	1.1421102878365041						169_потеря-приобретение	0.19337242748122116	0.0007912849369692055	298	0.2358029112168233						90_отдых-напряжение	-0.16394822856538813	0.0014222298114320167	376.0	0.5347584090984383	86_доказательство-совпадение	0.1813266723691044	0.02349011685900089	156.0	3.66445823000414											93_учёба-отдых	0.2345908629793543	0.010558875959575036	118.0	1.2459473632298539											73_наука-физический_труд	0.11852918312428545	0.03888522509918842	304.0	11.821108430153279																														
11	11	248_спор-согласие	0.15383990271433498	0.016170227945329144	244.0	3.945535618660311						251_недостаток-достоинство	-0.18715541353441684	0.005148814598040147	222.0	1.1430368407649123						70_единство-разрозренность	-0.19077483100782155	0.0009333134035905004	298	0.27812739426996913						63_мир-война	-0.16303912878743868	0.0015130400801465133	376.0	0.5689030701350889	169_потеря-приобретение	0.17975956105080612	0.02473844450183666	156.0	3.8591973422865187											235_процесс-итог	-0.2345709278897127	0.01056566370799412	118.0	1.2467483175433058											287_вода-земля	0.1150437728194574	0.04504301642691029	304.0	13.693076993780727																														
12	12	153_прерывание-продолжение	-0.1526272501477886	0.017038938774919514	244.0	4.157501061080362						189_наука-религия	0.1864301503701893	0.005327449100292286	222.0	1.1826937002648876						155_поражение-победа	0.18996982191510747	0.0009818842891053687	298	0.29260151815339985						155_поражение-победа	-0.16227437114890805	0.0015935192776668342	376.0	0.5991632484027297	205_отдых-рабочий_процесс	0.1789240633337725	0.025426939533086345	156.0	3.9666025671614698											208_неживая_природа-живая_природа	-0.2332845464268438	0.011011845826964116	118.0	1.2993978075817656											252_современность-древность	-0.11431705432406555	0.04642507116268908	304.0	14.11322163345748																														
13	13	236_умственный_труд-физический_труд	0.15154064138751425	0.01785164686345971	244.0	4.3558018346841685						274_единство-разрозренность	0.1860111195609682	0.005433172910478052	222.0	1.2061643861261275						105_сущность-внешность	0.1879318776622529	0.0011154405466250732	298	0.33240128289427184						189_наука-религия	-0.16205093225127726	0.001617763078605462	376.0	0.6082789175556537	227_иерархия-равенство	0.1765255463404494	0.027495359304286197	156.0	4.289276051468646											198_обучение-достижение	-0.2320429909401729	0.011458063278830005	118.0	1.3520514669019406											145_высказывание-умалчивание	-0.11418604041307273	0.04667797122349314	304.0	14.190103251941915																														
14	14	130_размеренная_жизнь-напряжённая_жизнь	0.15068101299948305	0.01851830136155377	244.0	4.518465532219121						259_процесс-итог	-0.18585433258700013	0.0054732122286604325	222.0	1.2150531147626162						2_неживая_природа-живая_природа	-0.1858742875786494	0.001267063312438428	298	0.3775848671066516						171_работа-отдых	0.1620218982062856	0.0016209380627929034	376.0	0.6094727116101317	231_злость-радость	0.17590772071381344	0.028050868087357662	156.0	4.375935421627796											139_свобода-неволя	-0.231932070980068	0.011498688355152385	118.0	1.3568452259079815																																													
15	15	291_работа-санкция	0.15036993714155195	0.0187648253423851	244.0	4.578617383541964						97_активность-пассивность	-0.18283864863533536	0.006296587383091567	222.0	1.3978423990463278						275_жизненный_процесс-кончина	0.18499453634982024	0.001337491528877726	298	0.3985724756055624						131_процесс-завершение	-0.16191869033442566	0.0016322705352038432	376.0	0.6137337212366449	75_действующее_лицо-зритель	0.17407396060936572	0.029756403311024894	156.0	4.641998916519884											72_недостаток-достоинство	-0.23102691601554154	0.011834949209693291	118.0	1.3965240067438085																																													
16	16	43_энергия-покой	-0.14963409000762307	0.019359360022243442	244.0	4.7236838454274						201_вирус-растение	-0.18190569668478515	0.006572845578367156	222.0	1.4591717183975086						111_нежелание-желание	0.18444272543532192	0.0013834819339330693	298	0.4122776163120546						95_доброта-злость	-0.1616259742183153	0.0016648076790398555	376.0	0.6259676873189858	119_окончание-процесс	-0.17273946989614775	0.031052397305137088	156.0	4.844173979601385											91_здоровье-болезнь	0.22648166541870046	0.013656826338647813	118.0	1.611505507960442																																													
17	17	47_журналистика-литература	0.14880578289730326	0.02004810534595082	244.0	4.891737704412						32_разруха-реализация	0.18189878792307645	0.006574931100595272	222.0	1.4596347043321505						292_экстрим-повседневность	-0.18403508104066735	0.0014183838473910179	298	0.4226783865225234						70_единство-разрозренность	0.16159629589564206	0.0016681395703518572	376.0	0.6272204784522983	136_апатия-взбудораженность	-0.17270214653746713	0.03108932292258313	156.0	4.8499343759229685											115_наследство-собственность	0.2258565491651769	0.01392560505587004	118.0	1.6432213965926648																																													
18	18	282_путешествие-домоседство	-0.14804237857522118	0.02070160368741809	244.0	5.051191299730015						83_речь-текст	0.1812264801028612	0.006780727270402522	222.0	1.5053214540293598						241_нападение-оборона	0.1836013747939039	0.0014564024116166072	298	0.4340079186617489						109_убожество-роскошь	0.16140781806056054	0.0016894423955859715	376.0	0.6352303407403254	66_курируемый-куратор	-0.17259726780982682	0.031193283810419175	156.0	4.866152274425391											11_приобретение-постоянное_местонахождение	0.22512647331052574	0.014245337539365894	118.0	1.6809498296451757																																													
19	19	181_дополнение-устранение	-0.147648193971741	0.0210462061851866	244.0	5.13527430918553						177_изыскание-решение	-0.18041099358754287	0.007038054402341609	222.0	1.5624480773198377						152_исчезнование-появление	0.183495429703524	0.0014658304453920685	298	0.4368174727268364						17_полемика-консенсус	-0.1612981568837863	0.0017019513238253265	376.0	0.6399336977583227	90_отдых-напряжение	0.17197561740166245	0.031815577224460566	156.0	4.9632300470158475											59_увядание-расцвет	0.2245778045677536	0.01448981283249081	118.0	1.7097979142339157																																													
20	20	100_труд-отдых	-0.14741236898001775	0.021254733933942442	244.0	5.186155079881955						243_проблема-решение_проблем	-0.17948909789160636	0.0073394172032418045	222.0	1.6293506191196807						31_интеллект-культура	0.18272293273169046	0.0015362843889022099	298	0.4578127478928586						108_творчество-власть	0.16092313718688428	0.001745373358006964	376.0	0.6562603826106184	89_апатия-взбудораженность	-0.1709447292602333	0.032870759146458775	156.0	5.1278384268475685											241_нападение-оборона	0.22222788837591173	0.015578655242301996	118.0	1.838281318591636																																													
21	21	210_спешка-неторопливость	-0.14701157108604426	0.02161324242292546	244.0	5.273631151193811						90_отдых-напряжение	0.17890018094700946	0.0075378986009320345	222.0	1.6734134894069117						271_бюрократия-творчество	-0.1823300648418627	0.0015732931397339635	298	0.4688413556407212						79_многообразие-единство	-0.1609025517689741	0.0017477859812262634	376.0	0.6571675289410751	272_образование-невежество	-0.17016974367875212	0.03368341149823357	156.0	5.254612193724436											297_юмор-суровость	-0.22049673327301728	0.016425602605579917	118.0	1.93822110745843																																													
22	22	296_равенство-иерархия	0.14653799323339695	0.02204358344635106	244.0	5.3786343609096585						179_работа-искусство	-0.1780241835704502	0.007841979895486602	222.0	1.7409195367980257						41_развлечение-когнитивная-способность	-0.1822234938289057	0.0015834721569867873	298	0.4718747027820626						203_концепция-хаотичность	-0.16088990744877293	0.0017492694167433205	376.0	0.6577253006954885	150_безопасность-опасность	-0.16841047840544085	0.035591518402165095	156.0	5.552276870737756											126_путешествие-конец_движения	0.21931919686152784	0.017024258736385245	118.0	2.0088625308934587																																													
23	23	175_нематериальное-материальное	-0.14653760577149666	0.022043938544420643	244.0	5.378721004838637						272_образование-невежество	-0.17763638198030782	0.007980046350565406	222.0	1.77157028982552						291_работа-санкция	0.18213971084269712	0.0015915169147428154	298	0.474272040593359						287_вода-земля	0.1607128809363965	0.0017701596495861656	376.0	0.6655800282443983	115_наследство-собственность	0.16814146736877486	0.035891188102908214	156.0	5.599025344053682											237_низшие_слои-высшие_слои	-0.21829407744397306	0.017560721211139833	118.0	2.0721651029145																																													
24	24	2_неживая_природа-живая_природа	-0.14633010755307865	0.022234816738851124	244.0	5.425295284279675						253_соблюдение_закона-правонарушение	0.17745668426328387	0.008044752766042712	222.0	1.7859351140614819						112_профессиональный-любительский	0.18172829724245626	0.001631566377190993	298	0.4862067804029159						210_спешка-неторопливость	0.15966953892758204	0.0018979904619274184	376.0	0.7136444136847092	140_шум-тишина	0.16782004123260322	0.03625203755040682	156.0	5.655317857863464											142_равенство-иерархия	-0.21811274515592172	0.0176571224809081	118.0	2.0835404527471555																																													
25	25	85_направление-дезориентация	-0.14539894012799856	0.023109089689787983	244.0	5.6386178843082675						69_труд-месть	-0.17537166579220814	0.008830361142326411	222.0	1.9603401735964632						4_праздник-быт	-0.1813633617934592	0.0016678614403014952	298	0.4970227092098456						121_несовременность-актуальность	-0.15955634245988395	0.0019123555195588067	376.0	0.7190456753541112	54_реальность-когнитивные_процессы	-0.16544160180189632	0.03901851386792049	156.0	6.086888163395598											149_нищета-состояние	-0.2144323043259064	0.01971507285414088	118.0	2.326378596788624																																													
26	26	21_получение_результата-разработка	-0.14450455733224205	0.02397659881541555	244.0	5.850290110961393						91_здоровье-болезнь	0.17513194160545345	0.008924913398670062	222.0	1.9813307745047537						134_физическое-абстрактное	-0.1808510584683901	0.00172006080695374	298	0.5125781204722145						153_прерывание-продолжение	0.15916634574387087	0.001962612418110113	376.0	0.7379422692094025	254_свобода-неволя	-0.16539176275347453	0.03907833241258826	156.0	6.096219856363769											49_развитие-откат	-0.21434121935859896	0.01976852085434224	118.0	2.3326854608123844																																													
27	27	237_низшие_слои-высшие_слои	0.14422555379325436	0.024252899710744773	244.0	5.917707529421724						159_реальная_жизнь-выдуманная_жизнь	0.17380581159674482	0.009464369864792113	222.0	2.1010901099838493						280_радость-недовольство	0.1808053029368526	0.0017247948759385734	298	0.513988873029695						91_здоровье-болезнь	-0.15906245397523064	0.001976202611119016	376.0	0.7430521817807499	122_неопределенная_тема-здоровье	0.16405790359633127	0.040708161899138166	156.0	6.350473256265556											34_духовное_наслаждение-физическое_наслаждение	-0.21336483678841148	0.02034934367418306	118.0	2.4012225535536014																																													
28	28	254_свобода-неволя	-0.14358607707447754	0.02489654844654059	244.0	6.074757820955903						89_апатия-взбудораженность	-0.17371302517849282	0.009503173660980984	222.0	2.109704552737779						125_разработка-разрушение	-0.1803907686897661	0.001768230820407453	298	0.526932784481421						51_творческая_реализация - эмоциональное_переживание	0.15905657040974722	0.0019769748146318705	376.0	0.7433425303015833	257_тёплые_чувства-холодные_чувства	-0.16396216046876466	0.0408273121801802	156.0	6.369060700108111											290_статистика-отсутствие_системы	-0.21230211120166986	0.02099817069066381	118.0	2.4777841414983297																																													
29	29	53_подчинение-неповиновение	0.14323519737456755	0.0252559236739372	244.0	6.162445376440678						173_отдых-работа	0.17362331330598355	0.009540825582382374	222.0	2.118063279288887						255_голод-неопределенная_тема	-0.18000181721769434	0.0018098935844370774	298	0.5393482881622492						2_неживая_природа-живая_природа	0.15848037518629565	0.002053949183482085	376.0	0.7722848929892641	25_скрытность-прозрачность	-0.1635575131775467	0.04133412420183152	156.0	6.448123375485718											71_изобилие-недостаток	0.21125315886383988	0.021655957366384062	118.0	2.5554029692333198																																													
30	30	209_отрицание-утверждение	-0.14319008047178594	0.02530245512935709	244.0	6.17379905156313						85_направление-дезориентация	-0.1722873096776852	0.010117386104262185	222.0	2.246059715146205						189_наука-религия	0.17983693529620692	0.0018278243731559094	298	0.5446916632004609						193_порядок-беспорядок	0.15834249019339505	0.002072770883212899	376.0	0.7793618520880501	70_единство-разрозренность	-0.16337307835558135	0.04156686940373328	156.0	6.484431626982392											267_неволя-свобода	0.2086581381703216	0.023359790604027597	118.0	2.756455291275256																																													
31	31	262_серьезность-шутка	-0.1428523664675596	0.025653104840937413	244.0	6.259357581188729						280_радость-недовольство	0.17214816447413492	0.010179171624334205	222.0	2.259776100602193						153_прерывание-продолжение	-0.1797908957454681	0.0018328600655340922	298	0.5461922995291594						174_праздник-быт	-0.1579172945273808	0.002131807851269003	376.0	0.8015597520771451	20_покой-беспокойство	-0.1627026531359729	0.042422180674291	156.0	6.6178601851893974											276_начало-конец	0.20862770068036934	0.023380437781861458	118.0	2.7588916582596523																																													
32	32	246_чистота-беспорядок	0.1422033312944543	0.026338739744694792	244.0	6.426652497705529						86_доказательство-совпадение	0.1707226847490608	0.010831608610201809	222.0	2.404617111464802						220_власть-наука	-0.17966953969071486	0.0018461945279590805	298	0.5501659693318061						58_формирование-перестройка	-0.1576752076513401	0.002166102925501164	376.0	0.8144546999884377	81_религия-наука	-0.16226446241859094	0.04298914073232686	156.0	6.70630595424299											110_негативные_эмоции-положительные_эмоции	0.20836163564506266	0.02356158879738595	118.0	2.780267478091542																																													
33	33	167_дополнение-устранение	-0.14179236748219434	0.02678096657696723	244.0	6.534555844780004						108_творчество-власть	-0.17027224040004016	0.011045314670247941	222.0	2.452059856795043						253_соблюдение_закона-правонарушение	0.1793816383950907	0.0018781842643910414	298	0.5596989107885304						67_неизменность-изменение	-0.15750871913197745	0.002189979954206079	376.0	0.8234324627814857	2_неживая_природа-живая_природа	-0.16073375207568608	0.045019680590202976	156.0	7.023070172071664											234_холодное_отношение-тёплое_отношение	0.20793994586901932	0.023851159501804668	118.0	2.814436821212951																																													
34	34	183_неживая_природа-живая_природа	0.14174599453483694	0.026831265014130738	244.0	6.5468286634479						67_неизменность-изменение	0.170029111703958	0.011162202136651846	222.0	2.4780088743367097						108_творчество-власть	-0.1791890661915583	0.0018998635290373546	298	0.5661593316531317						1_иерархия-равенство	0.1572826260098672	0.0022227899530234112	376.0	0.8357690223368026	196_неуют-уют	0.160649897954426	0.04513319125508245	156.0	7.040777835792862											25_скрытность-прозрачность	-0.20707190470622944	0.02445683742765796	118.0	2.8859068164636383																																													
35	35	10_рутина-отдых	0.14158121852638972	0.02701064567584135	244.0	6.5905975449052905						295_прощение-мстительность	0.16976700676781956	0.011289433629355642	222.0	2.5062542657169526						90_отдых-напряжение	0.1790341368055192	0.001917470778826845	298	0.5714062920903998						5_польза-вред	-0.15700826884320535	0.002263206162584578	376.0	0.8509655171318014	287_вода-земля	-0.16059769921422715	0.04520397162163657	156.0	7.0518195729753055											203_концепция-хаотичность	0.2067495709890831	0.024685071944529	118.0	2.912838489454422																																													
36	36	260_быт-искусство	0.14143659614026902	0.027168933224882952	244.0	6.6292197068714405						158_конец-начало	-0.16912740566086987	0.011605292611912902	222.0	2.576374959844664						207_фантастика-реальность	-0.1789576511501423	0.0019262179934084016	298	0.5740129620357036						300_беспокойство-спокойствие	0.15699152152705734	0.002265694831739461	376.0	0.8519012567340375	41_развлечение-когнитивная-способность	-0.16023029026431942	0.04570479611901338	156.0	7.129948194566087											227_иерархия-равенство	-0.20637205702102385	0.02495469092612872	118.0	2.944653529283189																																													
37	37	108_творчество-власть	-0.14104452308277146	0.02760206036447501	244.0	6.734902728931901						266_мир-война	0.1687159009149818	0.011812602409593134	222.0	2.622397734929676						208_неживая_природа-живая_природа	-0.17807334944078962	0.0020300313897372068	298	0.6049493541416875						29_негативные_чувства-духовные_чувства	0.15690231050533748	0.002278993814063095	376.0	0.8569016740877238	85_направление-дезориентация	-0.1600967293038104	0.045888000006256334	156.0	7.158528000975987											96_наука-быт	-0.20629492891779613	0.025010084045736625	118.0	2.9511899173969223																																													
38	38	198_обучение-достижение	-0.14101961215172734	0.027629778572855156	244.0	6.741665971776657						248_спор-согласие	0.16862329726094766	0.011859701856474428	222.0	2.6328538121373235						17_полемика-консенсус	0.17764593815035634	0.0020820168015587928	298	0.6204410068645201						269_власть-беспорядок	0.15682203778545087	0.002291021169269627	376.0	0.8614239596453797	153_прерывание-продолжение	-0.15996233434801604	0.046072965749434126	156.0	7.187382656911724											147_рассудительность-беспокойство	0.20491621171823168	0.026018143823781675	118.0	3.070140971206237																																													
39	39	147_рассудительность-беспокойство	0.14007365511016326	0.028700137016734788	244.0	7.00283343208329						17_полемика-консенсус	0.16741489943416896	0.012489641450103249	222.0	2.772700401922921						94_проблема-решение_проблем	-0.17745898366444746	0.002105135410936651	298	0.627330352459122						198_обучение-достижение	0.15665336419892514	0.00231648262089681	376.0	0.8709974654572006	269_власть-беспорядок	-0.15979154237492404	0.046308920873804935	156.0	7.224191656313571											118_покой-беспокойство	0.20437354834658464	0.02642431857323028	118.0	3.118069591641173																																													
40	40	271_бюрократия-творчество	-0.13979146446289326	0.029026231066163095	244.0	7.082400380143795						169_потеря-приобретение	0.16724735763943693	0.012579264312948093	222.0	2.7925966774744766						180_потребление-вывод	-0.17743141671871207	0.002108564058564917	298	0.6283520894523454						106_кончина-вечное_искусство	-0.1566071318161627	0.002323506375219959	376.0	0.8736383970827046	265_радость-недовольство	-0.15957067903716995	0.0466155443091828	156.0	7.272024912232517											238_дистанция-близость	-0.2040293878985732	0.02668470919202688	118.0	3.148795684659172																																													
41	41	23_мир-конфликт	-0.13957717915982173	0.02927596732523248	244.0	7.1433360273567255						122_неопределенная_тема-здоровье	0.16724497359889487	0.012580543673921236	222.0	2.7928806956105143						44_упорядоченность-однородная_масса	0.17717424913186236	0.002140795704578377	298	0.6379571199643563						77_природные_процессы-военные_процессы	-0.1564578584591991	0.0023463172260740515	376.0	0.8822152770038434	260_быт-искусство	0.15869814675634686	0.047843469498115666	156.0	7.463581241706045											261_болезнь-здоровье	0.20392381735316947	0.026765020577868545	118.0	3.1582724281884884																																													
42	42	89_апатия-взбудораженность	-0.13953270766780482	0.02932802567775005	244.0	7.156038265371014						140_шум-тишина	0.16715331406965375	0.012629818276166587	222.0	2.803819657308982						247_радостное_событие_грустное_событие	-0.177153319237982	0.0021434385933532104	298	0.6387447008192567						208_неживая_природа-живая_природа	0.15641913298336688	0.0023522682384152084	376.0	0.8844528576441184	162_история-одномоментное_происшествие	0.15812982910168435	0.048657656328860405	156.0	7.590594387302223											104_неподвижность-подвижность	0.2038886757738121	0.026791799726522816	118.0	3.161432367729692																																													
43	43	54_реальность-когнитивные_процессы	-0.13844473814458302	0.03062648041793153	244.0	7.472861221975294						157_отсутствие_чувств-чувства	0.16696420388721078	0.012732017160117327	222.0	2.8265078095460465						173_отдых-работа	0.17713171611394254	0.0021461696143630178	298	0.6395585450801793						200_природа-техника	0.15639792489097468	0.0023555331538129397	376.0	0.8856804658336653	49_развитие-откат	-0.15775353312413448	0.049203061561014415	156.0	7.675677603518247											173_отдых-работа	0.20334719278887384	0.02720732481945476	118.0	3.2104643286956622																																													
44	44	233_неопределенная_тема-часть_целого	0.13789137096366422	0.031305519869805634	244.0	7.638546848232572						181_дополнение-устранение	-0.1662736928600971	0.013111382032263412	222.0	2.9107268111624776						288_радость-недовольство	0.1766910130772038	0.00220257977640458	298	0.6563687733685648						150_безопасность-опасность	0.1560467089533057	0.002410206028749749	376.0	0.9062374668099058																13_личные_отношения-иерархические_отношения	0.2028316839283404	0.02760800580158548	118.0	3.2577446845870868																																													
45	45	212_наука-быт	-0.13766532773897888	0.0315865689184078	244.0	7.707122816091503						110_негативные_эмоции-положительные_эмоции	0.16618608364158274	0.013160217043171529	222.0	2.9215681835840788						57_улица-дом	0.1766419828434703	0.00220893853080624	298	0.6582636821802594						26_ненависть-дружба	0.1558267157617319	0.0024450384954485213	376.0	0.919334474288644																282_путешествие-домоседство	-0.2025778895041558	0.027807106541184425	118.0	3.2812385718597623																																													
46	46	244_смерть-жизнь	0.1373178342451497	0.03202281521968727	244.0	7.813566913603693						170_спокойствие-суматоха	0.165469726910441	0.013565556781937844	222.0	3.011553605590201						282_путешествие-домоседство	-0.17660217032583594	0.0022141141445633007	298	0.6598060150798636						169_потеря-приобретение	-0.15580940279578626	0.002447799112769158	376.0	0.9203724664012032																29_негативные_чувства-духовные_чувства	-0.20207930524927264	0.028201803727936688	118.0	3.327812839896529																																													
47	47	230_отступление-наступление	0.13710941860973894	0.03228691616647583	244.0	7.878007544620103						62_жизнь-смерть	-0.16540773643972095	0.0136011427846689	222.0	3.0194536981964966						122_неопределенная_тема-здоровье	0.1763243775704762	0.002250535944648769	298	0.6706597115053332						239_радость-недовольство	0.15546865648607494	0.002502713812247871	376.0	0.9410203934051996																163_человек-инструмент	0.20156444266898804	0.0286143781896932	118.0	3.3764966263837977																																													
48	48	56_протест-мир	-0.13645664528053195	0.03312613322093588	244.0	8.082776505908353						244_смерть-жизнь	0.16467229967984534	0.01402961558934499	222.0	3.114574660834588						109_убожество-роскошь	-0.17608132223863235	0.0022828503614014213	298	0.6802894076976236						44_упорядоченность-однородная_масса	-0.15526329840768918	0.002536349075128326	376.0	0.9536672522482508																161_холодное_отношение-тёплое_отношение	0.2012537390024801	0.028865827800761582	118.0	3.4061676804898666																																													
49	49	102_фантастика-реальность	0.13597902160030753	0.03375186565415289	244.0	8.235455219613304						66_курируемый-куратор	-0.163856916833224	0.014518455105588732	222.0	3.2230970334406983						265_радость-недовольство	-0.1759928223813296	0.002294721124504064	298	0.6838268951022112						228_народ-власть	-0.15501526470693475	0.0025775229064575102	376.0	0.9691486128280236																128_неловкость-ловкость	0.20012907990605128	0.029791760529585824	118.0	3.5154277424911275																																													
50	50	256_фильм-жизнь	-0.1358409396993828	0.03393462713385423	244.0	8.280049020660433						1_иерархия-равенство	-0.1629332446660426	0.015090177507995713	222.0	3.3500194067750484						32_разруха-реализация	0.17571402901989944	0.002332485223777423	298	0.6950805966856719						159_реальная_жизнь-выдуманная_жизнь	-0.15495460036034953	0.0025876854588882045	376.0	0.9729697325419648																269_власть-беспорядок	-0.19745676932280426	0.032093442575497164	118.0	3.7870262239086654																																													
51	51	109_убожество-роскошь	-0.13461213838583524	0.03559838572436205	244.0	8.686006116744341						71_изобилие-недостаток	0.16215096324464254	0.01558968873779446	222.0	3.46091089979037						113_скрытность-прозрачность	-0.17542103622500702	0.0023727821940732444	298	0.7070890938338268						205_отдых-рабочий_процесс	-0.1544605777439873	0.0026718129855772678	376.0	1.0046016825770527																260_быт-искусство	0.196061915376129	0.03335343960640719	118.0	3.9357058735560484																																													
52	52	280_радость-недовольство	-0.13456505517548298	0.035663486855066866	244.0	8.701890792636313						172_наука-быт	-0.16147132402420347	0.016035328708413725	222.0	3.5598429732678465						150_безопасность-опасность	-0.17467390161679885	0.0024784263984452427	298	0.7385710667366822						53_подчинение-неповиновение	-0.15437050072915198	0.00268741796758115	376.0	1.0104691558105123																200_природа-техника	-0.19450121597473724	0.0348125162857412	118.0	4.1078769217174615																																													
53	53	111_нежелание-желание	0.13442781821732644	0.03585381807241072	244.0	8.748331609668215						240_осторожность-риск	-0.1614710421342663	0.016035515827665624	222.0	3.5598845137417685						216_старость-смерть	0.17454056500943774	0.0024977242410030545	298	0.7443218238189102						295_прощение-мстительность	-0.15404504263425114	0.0027444942666561677	376.0	1.0319298442627192																50_проблема-взаимовыручка	-0.19441454102473196	0.03489510012879613	118.0	4.1176218151979445																																													
54	54	87_народ-власть	0.1343624071624526	0.03594483787851862	244.0	8.770540442358543						178_мыслительная_работа-физическая_работа	-0.1611060421191847	0.016279408927563962	222.0	3.6140287819192						192_производство-наука	-0.17439690955184928	0.002518668501978045	298	0.7505632135894575						19_быстрое_явление-длительное_явление	-0.15400209125495998	0.002752108568821291	376.0	1.0347928218768054																19_быстрое_явление-длительное_явление	0.19409231748343728	0.0352035637779279	118.0	4.1540205257954925																																													
55	55	286_начало-конец	0.13434533938326834	0.035968619963525184	244.0	8.776343271100147						247_радостное_событие_грустное_событие	-0.1610988268282089	0.016284262638829025	222.0	3.615106305820043						260_быт-искусство	0.17388702157159425	0.0025943045436806985	298	0.7731027540168481						282_путешествие-домоседство	0.1539361093548114	0.002763843105731877	376.0	1.039205007755186																132_правонарушение-соблюдение_закона	-0.1925886550130931	0.036673552122199804	118.0	4.327479150419577																																													
56	56	128_неловкость-ловкость	0.1332079153917154	0.03758382731435647	244.0	9.170453864702981						79_многообразие-единство	0.1603686897684917	0.01678200066630635	222.0	3.725604147920009						181_дополнение-устранение	-0.1738780095077704	0.0025956597681374245	298	0.7735066109049525						69_труд-месть	0.1532059214915413	0.002896776377245373	376.0	1.08918791784426																101_фиксация-пересмотр	-0.18797470588311416	0.0415099691744456	118.0	4.8981763625845804																																													
57	57	300_беспокойство-спокойствие	-0.13313938659594984	0.03768307053948538	244.0	9.194669211634432						104_неподвижность-подвижность	0.15969644925087412	0.017251946442175946	222.0	3.82993211016306						185_беда-счастье	0.17330114922495365	0.002683759140121736	298	0.7997602237562774						278_физический_труд-умственный_труд	0.15279229549127035	0.002974632130730073	376.0	1.1184616811545076																65_серьёзность-веселье	0.18757415945324696	0.041953877057186666	118.0	4.950557492748026																																													
58	58	156_физический_труд-умственный_труд	0.13307009257968316	0.03778364716444695	244.0	9.219209908125057						16_воля-неволя	-0.15921004143824605	0.01759909113788695	222.0	3.906998232610903						37_низ-верх	-0.17328314650019586	0.0026865517914347395	298	0.8005924338475524						154_знание-сомнение	-0.1527700806566488	0.002978866885879903	376.0	1.1200539490908434																30_стихийное_собрание-мероприятия	0.1870943969970523	0.0424907887656637	118.0	5.0139130743483165																																													
59	59	189_наука-религия	0.13302078078161414	0.037855358782053684	244.0	9.236707542821096						130_размеренная_жизнь-напряжённая_жизнь	0.15873785166937332	0.01794188971196034	222.0	3.983099516055196						50_проблема-взаимовыручка	-0.1728900491728462	0.002748193018992261	298	0.8189615196596938						38_личное-общее	-0.15275018641525648	0.002982663921476857	376.0	1.1214816344752985																20_покой-беспокойство	-0.18656780654286784	0.043086697216941666	118.0	5.084230271599117																																													
60	60	150_безопасность-опасность	-0.13290884596773125	0.038018566929485895	244.0	9.27653033079456						292_экстрим-повседневность	-0.15843152227765345	0.018167371577279372	222.0	4.0331564901560215						171_работа-отдых	-0.17274210187539382	0.002771723483482136	298	0.8259735980776766						291_работа-санкция	-0.15259606115637978	0.003012229772077251	376.0	1.1325983943010465																177_изыскание-решение	-0.18611631997657324	0.04360315105633057	118.0	5.145171824647007																																													
61	61	22_деятельность_наверху-деятельность_в_земле	-0.13285268754112628	0.038100673294944126	244.0	9.296564283966367						300_беспокойство-спокойствие	-0.15811227085320728	0.01840498358796571	222.0	4.085906356528387						63_мир-война	0.17261826517479992	0.0027915598491789284	298	0.8318848350553206						192_производство-наука	0.15251351379422778	0.003028174096146687	376.0	1.1385934601511545																281_домоседство-путешествие	0.18594771848056785	0.043797332441958534	118.0	5.1680852281511065																																													
62	62	122_неопределенная_тема-здоровье	0.13183096106177802	0.039620850311983466	244.0	9.667487476123963						162_история-одномоментное_происшествие	-0.15723841832445692	0.019069240885788732	222.0	4.2333714766450985						16_воля-неволя	-0.17261536034383834	0.00279202669427995	298	0.832023954895425						253_соблюдение_закона-правонарушение	-0.15249190473549887	0.0030323606078423216	376.0	1.1401675885487128																239_радость-недовольство	-0.18588711115958534	0.043867310861101405	118.0	5.176342681609966																																													
63	63	18_уменьшение-расширение	0.1314914165114189	0.040137235299181714	244.0	9.793485413000335						167_дополнение-устранение	-0.1571014465154855	0.019175224803114784	222.0	4.2568999062914825						102_фантастика-реальность	0.1725175825279084	0.002807782336829345	298	0.8367191363751448						22_деятельность_наверху-деятельность_в_земле	0.15204874035752344	0.0031193866028999405	376.0	1.1728893626903776																278_физический_труд-умственный_труд	-0.18525774058431374	0.044599517942108334	118.0	5.262743117168783																																													
64	64	110_негативные_эмоции-положительные_эмоции	0.13116358595195668	0.04064117672811773	244.0	9.916447121660726						147_рассудительность-беспокойство	0.15631408129100546	0.019794432393014545	222.0	4.394363991249229						154_знание-сомнение	0.17207805638062368	0.0028796088097026284	298	0.8581234252913833						102_фантастика-реальность	-0.1512162620429483	0.0032890199513319674	376.0	1.23667150170082																47_журналистика-литература	0.1844439781440006	0.04556130383946469	118.0	5.376233853056832																																													
65	65	297_юмор-суровость	-0.13108645229612442	0.04076051813574729	244.0	9.94556642512234						146_разум-чувство	-0.15621055432275	0.019877125199211275	222.0	4.412721794224904						47_журналистика-литература	0.17177765989010188	0.002929654717637588	298	0.8730371058560012						85_направление-дезориентация	0.1511643171349381	0.0032998770969912073	376.0	1.240753788468694																190_погода-животное	-0.18442826858812927	0.04558003935568485	118.0	5.378444643970814																																													
66	66	136_апатия-взбудораженность	-0.13107156813859105	0.040783580887169546	244.0	9.951193736469367						214_спешка-неторопливость	0.1557538904991963	0.020245472838322183	222.0	4.494494970107524						66_курируемый-куратор	-0.17167512110236471	0.0029469175868825533	298	0.8781814408910007						50_проблема-взаимовыручка	0.15096575783518906	0.0033416788465926678	376.0	1.256471246318843																153_прерывание-продолжение	-0.18403598005306435	0.046049971960598936	118.0	5.433896691350673																																													
67	67	32_разруха-реализация	0.13101204846170628	0.04087591550382679	244.0	9.973723382933736						20_покой-беспокойство	-0.15551614967752286	0.02043956655603045	222.0	4.53758377543876						25_скрытность-прозрачность	-0.17162022191607948	0.00295619802395103	298	0.8809470111374069						223_бытовые_ситуации-глобальные_происшествия	0.15090610913597954	0.003354329889565365	376.0	1.2612280384765775																211_больница-дом	-0.18341817777418745	0.04679821447456806	118.0	5.5221893079990325																																													
68	68	221_получение_денег-отсутствие_денег	-0.13059962485605847	0.04152056865077814	244.0	10.131018750789867						241_нападение-оборона	0.15531593664688353	0.020604270512181805	222.0	4.574148053704361						151_забытье-сознание	0.17129548084352866	0.0030116386470705444	298	0.8974683168270221						59_увядание-расцвет	-0.15085937057135235	0.003364273125968769	376.0	1.264966695364257																160_победа-поражение	-0.1817685207144695	0.048845783451406256	118.0	5.763802447265937																																													
69	69	173_отдых-работа	0.1304479888202158	0.0417597298553456	244.0	10.189374084704326						59_увядание-расцвет	0.15499924967258882	0.020867137807092314	222.0	4.6325045931744935						96_наука-быт	-0.17102938003544774	0.0030577696376638554	298	0.9112153520238288						36_спокойствие-деятельность	-0.15079149817219892	0.003378760006291049	376.0	1.2704137623654344																																																																	
70	70	38_личное-общее	0.13006116297516535	0.04237508779865004	244.0	10.33952142287061						160_победа-поражение	-0.15468140896779942	0.021133876633431668	222.0	4.691720612621832						22_деятельность_наверху-деятельность_в_земле	-0.1709949861735134	0.0030637786853469954	298	0.9130060482334046						10_рутина-отдых	-0.1507744351975234	0.003382410864221036	376.0	1.2717864849471097																																																																	
71	71	125_разработка-разрушение	-0.1282795624634454	0.04530849691523165	244.0	11.05527324731652						80_сон-бодрствование	0.15461453028585578	0.02119037684412409	222.0	4.704263659395549						28_неисправность-отлаженность	-0.17081702844239358	0.00309504166033658	298	0.9223224147803006						126_путешествие-конец_движения	-0.1505335700315927	0.0034343303559000284	376.0	1.2913082138184109																																																																	
72	72	299_веселье-грусть	0.1265409115027949	0.04833332761682562	244.0	11.79333193850545						246_чистота-беспорядок	-0.15434463032463144	0.02141972264991612	222.0	4.755178428281378						85_направление-дезориентация	-0.17069973507666567	0.00311580527573962	298	0.9285099721704068						122_неопределенная_тема-здоровье	-0.15009793454096942	0.0035300719383320727	376.0	1.327307048812859																																																																	
73	73	50_проблема-взаимовыручка	-0.12647806396977676	0.0484457500260156	244.0	11.820763006347804						258_конец-начало	-0.15416600091018154	0.02157268969080375	222.0	4.789137111358434						56_протест-мир	-0.1704219653403976	0.00316548172306501	298	0.9433135534733729						180_потребление-вывод	0.14967309084960326	0.0036257648390528407	376.0	1.3632875794838684																																																																	
74	74	84_последовательность-разлад	-0.12639143178420767	0.048601076407733534	244.0	11.858662643486982						206_расслабление-напряжение	0.15365946622095805	0.02201160131861893	222.0	4.886575492733403						198_обучение-достижение	-0.17024100472274836	0.0031982300271969732	298	0.953072548104698						130_размеренная_жизнь-напряжённая_жизнь	-0.14961022540965407	0.003640122672872036	376.0	1.3686861249998856																																																																	
75	75	253_соблюдение_закона-правонарушение	0.12596991260037715	0.04936277755589808	244.0	12.04451772363913						2_неживая_природа-живая_природа	-0.15324732218674725	0.022374395674131874	222.0	4.967115839657276						267_неволя-свобода	0.16994402624034252	0.003252640258440734	298	0.9692867970153388						185_беда-счастье	-0.14887468807057214	0.0038119797554913423	376.0	1.4333043880647445																																																																	
76	76											271_бюрократия-творчество	-0.15322584859273494	0.02239343873765555	222.0	4.971343399759532						74_тёплые_чувства-холодные_чувства	0.16969443006006762	0.003299016896441586	298	0.9831070351395926						97_активность-пассивность	0.14866603200265216	0.0038620513207516943	376.0	1.4521312966026372																																																																	
77	77											225_кража-находка	0.15275543405753286	0.022814133770261362	222.0	5.064737696998024						64_человеческое_взаимодействие-механическое_взаимодействие	-0.16949078867693362	0.003337297835910393	298	0.9945147551012972						104_неподвижность-подвижность	-0.14854058898334754	0.003892439783462256	376.0	1.4635573585818082																																																																	
78	78											165_улучшение-ухудшение	-0.1526457942472394	0.022913159653876573	222.0	5.0867214431606						200_природа-техника	-0.16947574192433634	0.003340142261814573	298	0.9953623940207428						286_начало-конец	0.1485227302302248	0.0038967835970565743	376.0	1.4651906324932717																																																																	
79	79											202_отставание-лидерство	0.1525958791247059	0.02295836533283509	222.0	5.09675710388939						126_путешествие-конец_движения	0.1691652784756509	0.0033993244041023983	298	1.0129986724225146						66_курируемый-куратор	0.14844758702001004	0.003915108889051313	376.0	1.4720809422832937																																																																	
80	80											197_проблема-решение_проблем	-0.15205025204964118	0.023457551410388425	222.0	5.207576413106231						202_отставание-лидерство	0.16883896224080333	0.003462550848173195	298	1.031840152755612						254_свобода-неволя	0.148055746589391	0.0040119368157701075	376.0	1.5084882427295605																																																																	
81	81											118_покой-беспокойство	0.15128280876453631	0.024175492402579442	222.0	5.366959313372637						210_спешка-неторопливость	-0.16858577896200427	0.003512338737410896	298	1.046676943748447						32_разруха-реализация	-0.14792893322329168	0.0040437344240953415	376.0	1.5204441434598484																																																																	
82	82											44_упорядоченность-однородная_масса	0.15116809068225925	0.024284419933434758	222.0	5.391141225222516						262_серьезность-шутка	-0.16822254949666654	0.003584899146972175	298	1.068299945797708						119_окончание-процесс	0.1478756639083851	0.004057159173961885	376.0	1.5254918494096688																																																																	
83	83											262_серьезность-шутка	-0.1510559148045892	0.024391341886012944	222.0	5.414877898694874						101_фиксация-пересмотр	-0.16814046049513734	0.0036014844130882275	298	1.073242355100292						209_отрицание-утверждение	0.1474509774777897	0.004165636612471054	376.0	1.5662793662891163																																																																	
84	84											96_наука-быт	-0.15103750012987668	0.02440893274433394	222.0	5.418783069242134						10_рутина-отдых	0.16808231022246842	0.003613275078481685	298	1.0767559733875418						140_шум-тишина	0.1472358555086794	0.0042215791373030965	376.0	1.587313755625964																																																																	
85	85											291_работа-санкция	0.15075956857478426	0.0246757595161936	222.0	5.47801861259498						54_реальность-когнитивные_процессы	-0.16807606154081942	0.0036145441497415537	298	1.0771341566229828						49_развитие-откат	0.14722386644234156	0.004224716771964448	376.0	1.5884935062586325																																																																	
86	86											250_быт-война	-0.15067996382533808	0.024752644447473528	222.0	5.495087067339123						62_жизнь-смерть	-0.16793559631620605	0.003643178473142388	298	1.0856671849964314						25_скрытность-прозрачность	0.1470575536155241	0.004268460014177665	376.0	1.604940965330802																																																																	
87	87											191_техническое_взаимодействие-животные_взаимоотношения	-0.15065650135659062	0.024775344569154083	222.0	5.500126494352205						251_недостаток-достоинство	-0.16791996104766288	0.003646378437569204	298	1.0866207743956229						120_усталость-покой	0.1470180912582113	0.004278899184458055	376.0	1.6088660933562289																																																																	
88	88											60_восстание-смирение	0.15001959838576534	0.025398430748575646	222.0	5.638451626183794						294_испытание-безмятежность	0.16784154155421666	0.0036624664176965077	298	1.0914149924735592						275_жизненный_процесс-кончина	-0.14690573204200824	0.004308748530543909	376.0	1.62008944748451																																																																	
89	89											228_народ-власть	0.14963737898956045	0.025778787146591254	222.0	5.722890746543259						48_отдаление-приближение	-0.16782696828410862	0.0036654632309823547	298	1.092308042832742						47_журналистика-литература	-0.14625291354847686	0.004485926805272288	376.0	1.6867084787823805																																																																	
90	90											282_путешествие-домоседство	-0.14899624636382	0.02642778266764843	222.0	5.866967752217952						158_конец-начало	-0.16777051375215768	0.0036770933623469283	298	1.0957738219793844						288_радость-недовольство	-0.1452401650456085	0.004773827521476922	376.0	1.7949591480753226																																																																	
91	91											275_жизненный_процесс-кончина	0.14857255239526834	0.026864324925305792	222.0	5.963880133417886						75_действующее_лицо-зритель	0.16776871615090133	0.003677464231820211	298	1.0958843410824228						183_неживая_природа-живая_природа	-0.1449931228906395	0.004846536002085631	376.0	1.8222975367841967																																																																	
92	92											29_негативные_чувства-духовные_чувства	-0.14847181799242282	0.026969019202323915	222.0	5.987122262915909						91_здоровье-болезнь	0.16734171215543284	0.003766525656404142	298	1.1224246456084344						281_домоседство-путешествие	-0.14455671980890214	0.004977418576363757	376.0	1.8715093847127728																																																																	
93	93											24_активность-пассивность	-0.1481294981221788	0.027327413992297364	222.0	6.066685906290015						256_фильм-жизнь	-0.16724638212115694	0.0037866733078647827	298	1.1284286457437052						262_серьезность-шутка	0.1445051430235953	0.00499309558518852	376.0	1.8774039400308835																																																																	
94	94											34_духовное_наслаждение-физическое_наслаждение	-0.14754325773951252	0.027950665338084643	222.0	6.205047705054791						1_иерархия-равенство	-0.1670632986617442	0.0038256408110702842	298	1.1400409616989446						256_фильм-жизнь	0.14441408792892266	0.0050208808008068845	376.0	1.887851181103388																																																																	
95	95											103_познание-непостижимость	-0.14725135858722244	0.028265504954934493	222.0	6.274942099995457						174_праздник-быт	0.16703644444038565	0.003831386851301339	298	1.141753281687799						115_наследство-собственность	-0.14405228357264493	0.005132665369389483	376.0	1.9298821788904457																																																																	
96	96											102_фантастика-реальность	0.14715643684221685	0.028368538391419288	222.0	6.297815522895082						104_неподвижность-подвижность	0.16686517123502814	0.003868218369268235	298	1.152729074041934						279_соблюдение_закона-правонарушение	-0.14390905950143273	0.005177531897973871	376.0	1.9467519936381752																																																																	
97	97											210_спешка-неторопливость	-0.14686843909588115	0.028683116321859662	222.0	6.367651823452843						137_вертикальные_отношения-горизонтальные_отношения	-0.16606511576545835	0.0040445409662532095	298	1.2052732079434565						111_нежелание-желание	-0.1434748997233028	0.005315702035939935	376.0	1.9987039655134156																																																																	
98	98											283_героизм-малодушие	-0.14648551089272605	0.029106003089318426	222.0	6.461532685828691						193_порядок-беспорядок	-0.16594053035215206	0.004072641964909721	298	1.2136473055430967						264_безопасность-опасность	-0.14241130284983708	0.005668306853934435	376.0	2.131283377079348																																																																	
99	99											9_трудности-отсутствие_проблем	0.14643002002411346	0.02916772434070735	222.0	6.475234803637033						26_ненависть-дружба	-0.1658751859570382	0.004087451168704866	298	1.21806044827405						232_проблема-решение_проблем	0.14233797767682851	0.005693372919053061	376.0	2.140708217563951																																																																	
100	100											10_рутина-отдых	-0.146399950713828	0.029201216468173908	222.0	6.482670055934608						203_концепция-хаотичность	0.1658403367917975	0.0040953690086141924	298	1.220419964567029						293_соблюдение_закона-правонарушение	0.14221330190640466	0.005736221756528217	376.0	2.156819380454609																																																																	
101	101											235_процесс-итог	-0.14637280679036285	0.029231478430029895	222.0	6.489388211466638						120_усталость-покой	0.16519950665119598	0.0042434578689801465	298	1.2645504449560838						20_покой-беспокойство	0.14161723040656868	0.0059451100903918285	376.0	2.235361393987328																																																																	
102	102											125_разработка-разрушение	-0.14625707537062604	0.029360804901386962	222.0	6.518098688107905						145_высказывание-умалчивание	0.16511585172472082	0.004263142043937989	298	1.2704163290935206						267_неволя-свобода	-0.1415710441190491	0.0059615772242813	376.0	2.2415530363297687																																																																	
103	103											109_убожество-роскошь	-0.1455072960968034	0.03021056083252193	222.0	6.706744504819869						110_негативные_эмоции-положительные_эмоции	0.16494454820364232	0.004303707407198985	298	1.2825048073452976						113_скрытность-прозрачность	0.1415641321025896	0.005964045134317168	376.0	2.2424809705032547																																																																	
104	104											276_начало-конец	-0.14529566618648668	0.030454174751363357	222.0	6.760826794802664						117_живая_природа-неживая_природа	-0.16482062647076498	0.0043332692836581645	298	1.291314246530133						296_равенство-иерархия	-0.14154701288739507	0.005970161435223965	376.0	2.244780699644211																																																																	
105	105											238_дистанция-близость	0.14500474188858264	0.030791801035147132	222.0	6.835779829802662						42_деструктивная_коммуникация-конструктивная_коммуникация	-0.1646752592584154	0.004368180404120982	298	1.3017177604280523						216_старость-смерть	-0.1414511826172989	0.0060045034509147365	376.0	2.2576932975439408																																																																	
106	106											150_безопасность-опасность	-0.1446938853548031	0.031156081401923837	222.0	6.916650071227091						276_начало-конец	-0.16454544747260766	0.004399569945674869	298	1.3110718438111109						31_интеллект-культура	-0.1413417223671153	0.0060439467438668576	376.0	2.2725239756939386																																																																	
107	107											100_труд-отдых	-0.1446322649018623	0.03122872649998458	222.0	6.932777282996577						36_спокойствие-деятельность	-0.1642749015046058	0.004465644743312896	298	1.330762133507243						81_религия-наука	0.14133747955053033	0.006045480284766319	376.0	2.273100587072136																																																																	
108	108											242_отдых-работа	0.1444308277549199	0.03146721124032145	222.0	6.9857208953513625						19_быстрое_явление-длительное_явление	0.16419031189648906	0.004486486683866519	298	1.3369730317922226						14_изобилие-недостаток	0.14108236264947133	0.006138334867709816	376.0	2.308013910258891																																																																	
109	109											209_отрицание-утверждение	-0.1442898661338459	0.03163501927878252	222.0	7.022974279889718						95_доброта-злость	0.16401728918392075	0.004529390890968537	298	1.349758485508624						179_работа-искусство	0.14075631344192155	0.006258867862477839	376.0	2.353334316291668																																																																	
110	110											135_запрет-толчок	0.14419726087363702	0.031745675742706585	222.0	7.0475400148808625						89_апатия-взбудораженность	0.16346849321742676	0.00466793261489191	298	1.3910439192377888						181_дополнение-устранение	0.14060914838251745	0.006313963194092968	376.0	2.374050160978956																																																																	
111	111											113_скрытность-прозрачность	-0.14306641214028895	0.033123762214461505	222.0	7.353475211610454						170_спокойствие-суматоха	0.16321228804602994	0.004733908349787787	298	1.4107046882367604						86_доказательство-совпадение	-0.1403700234094892	0.006404413888033009	376.0	2.408059621900412																																																																	
112	112											54_реальность-когнитивные_процессы	-0.1424906811082606	0.03384468575112005	222.0	7.513520236748652						58_формирование-перестройка	0.16309299432497845	0.004764913404769677	298	1.4199441946213638						280_радость-недовольство	-0.14018895120558386	0.006473676448508889	376.0	2.4341023446393417																																																																	
113	113											73_наука-физический_труд	-0.1423561491196647	0.03401505250153319	222.0	7.551341655340368						217_завоевание-бегство	0.1626535228366632	0.004880718112046778	298	1.45445399738994						82_суматоха-спокойствие	-0.14008997299019904	0.006511819971234006	376.0	2.4484443091839863																																																																	
114	114											254_свобода-неволя	-0.14232285043634332	0.034057333058350195	222.0	7.560727938953741						246_чистота-беспорядок	-0.1626313004450566	0.00488664063603824	298	1.4562189095393954						292_экстрим-повседневность	0.1395225236141848	0.006734411041691125	376.0	2.5321385516758634																																																																	
115	115											256_фильм-жизнь	-0.14220815194758812	0.03420331161457997	222.0	7.593135178436754						231_злость-радость	0.16261211571455436	0.004891758789755892	298	1.4577441193472558						48_отдаление-приближение	0.13949505822720368	0.006745355574560004	376.0	2.536253696034562																																																																	
116	116											149_нищета-состояние	-0.1421894508422295	0.03422716308683589	222.0	7.598430205277567						49_развитие-откат	-0.16242950821919194	0.004940717354483697	298	1.4723337716361415						110_негативные_эмоции-положительные_эмоции	-0.13930605086793518	0.006821104882124695	376.0	2.5647354356788847																																																																	
117	117											48_отдаление-приближение	-0.1414405952051937	0.035193925445383314	222.0	7.813051448875093						79_многообразие-единство	0.1623064726937377	0.0049739523440036106	298	1.482237798513076						103_познание-непостижимость	0.1392473330551321	0.0068447919837354475	376.0	2.5736417858845284																																																																	
118	118											296_равенство-иерархия	0.14035980172872428	0.0366299616092851	222.0	8.131851477261291						115_наследство-собственность	0.1616497853231839	0.005154765519501713	298	1.5361201248115104						39_целостность-пустота	0.13899281543234035	0.006948319134799418	376.0	2.612567994684581																																																																	
119	119											163_человек-инструмент	0.13987576775754804	0.03728898941854882	222.0	8.278155650917839						72_недостаток-достоинство	-0.16161330419458647	0.005164981413066245	298	1.5391644610937412						250_быт-война	0.13860814166022506	0.007107447928451431	376.0	2.6724004210977386																																																																	
120	120											183_неживая_природа-живая_природа	0.13977610159409445	0.03742592538232438	222.0	8.308555434876013						59_увядание-расцвет	0.16151686614465374	0.005192074897419242	298	1.5472383194309343						163_человек-инструмент	-0.13838829597082958	0.00719984817490558	376.0	2.7071429137644984																																																																	
121	121											155_поражение-победа	0.13924930425910614	0.038156797296256616	222.0	8.470808999768968						29_негативные_чувства-духовные_чувства	-0.16151512178683078	0.005192566134739208	298	1.5473847081522838						243_проблема-решение_проблем	0.13788077100672536	0.0074172718913626465	376.0	2.7888942311523555																																																																	
122	122											229_закрытие-открытие	-0.13887836229675976	0.038678638406376836	222.0	8.586657726215659						225_кража-находка	0.16118322702042534	0.005286796481166004	298	1.5754653513874688						116_смерть-жизнь	-0.13783337871228954	0.007437871178805053	376.0	2.7966395632307																																																																	
123	123											12_частное-общее	0.13855641285850875	0.03913642680850112	222.0	8.688286751487249						127_начало-конец	0.16103664745152196	0.005328899860231936	298	1.5880121583491171						290_статистика-отсутствие_системы	-0.13777179822444954	0.0074647137689982145	376.0	2.8067323771433292																																																																	
124	124											186_движение-неподвижность	0.13815709607287804	0.039710567165641024	222.0	8.815745910772307						88_лишение-наделение	0.16102164347489795	0.005333226541496889	298	1.5893015093660734						242_отдых-работа	0.13760702632537114	0.0075369629208614205	376.0	2.8338980582438937																																																																	
125	125											68_власть-народ	-0.13807387452703976	0.03983111335362133	222.0	8.842507164503935						148_усталость-бодрость	-0.1605864256545077	0.005460111546634898	298	1.6271132408971996						196_неуют-уют	0.13758711349693398	0.007545736454175648	376.0	2.837196906770044																																																																	
126	126											93_учёба-отдых	0.13783058477210836	0.0401852877348694	222.0	8.921133877141006						243_проблема-решение_проблем	-0.16054404939157804	0.005472609777136078	298	1.630837713586551						197_проблема-решение_проблем	0.13727621937960002	0.007683903234612419	376.0	2.8891476162142693																																																																	
127	127											75_действующее_лицо-зритель	0.13781878778767714	0.04020252867288647	222.0	8.924961365380797						82_суматоха-спокойствие	0.16026631162429714	0.005555162240280626	298	1.6554383476036263						240_осторожность-риск	-0.137252781358074	0.0076944104761682815	376.0	2.8930983390392737																																																																	
128	128											14_изобилие-недостаток	-0.13777670839959966	0.04026407719079853	222.0	8.938625136357272						219_соблюдение_закона-правонарушение	-0.16004131951946973	0.005622854839381369	298	1.675610742135648						176_животное-человек	0.13709659312332942	0.007764757599974414	376.0	2.91954885759038																																																																	
129	129											257_тёплые_чувства-холодные_чувства	0.13748032184478007	0.040699846781178765	222.0	9.035365985421684						213_обозрение-сокрытие	0.1598394123398971	0.0056842313038003535	298	1.6939009285325048						231_злость-радость	-0.13691818097227598	0.007845816203654455	376.0	2.9500268925740754																																																																	
130	130											213_обозрение-сокрытие	0.13735468742901802	0.040885758376664035	222.0	9.076638359619418						287_вода-земля	-0.15979549733798834	0.005697660081716289	298	1.6979027043514543						61_единство-разрозренность	-0.13664434952984406	0.0079716960715924	376.0	2.9973577229187427																																																																	
131	131											115_наследство-собственность	0.13619841364130572	0.0426305916275844	222.0	9.463991341323737						206_расслабление-напряжение	0.15974774307390568	0.0057122951725594225	298	1.7022639614227082						127_начало-конец	-0.13619877547495746	0.008180379113681557	376.0	3.075822546744265																																																																	
132	132											50_проблема-взаимовыручка	-0.1346365504533386	0.04508638328171818	222.0	10.009177088541435						132_правонарушение-соблюдение_закона	-0.1597021854108974	0.005726288508572902	298	1.7064339755547249						4_праздник-быт	0.13584026967435975	0.00835180471710272	376.0	3.1402785736306233																																																																	
133	133											133_торможение-развитие	0.13451735491814648	0.04527856903025785	222.0	10.051842324717242						99_благоразумие-безолаберность	0.15923304520802098	0.005872187264842019	298	1.7499118049229216						134_физическое-абстрактное	0.1356625350611418	0.008437972396240277	376.0	3.1726776209863443																																																																	
134	134											47_журналистика-литература	0.13392322751386004	0.04624677236867504	222.0	10.266783465845858						214_спешка-неторопливость	0.15888016511818062	0.005984117653805455	298	1.7832670608340255						206_расслабление-напряжение	-0.1355363393557729	0.008499633283052055	376.0	3.1958621144275723																																																																	
135	135											120_усталость-покой	-0.1339006262780383	0.046283943060823035	222.0	10.275035359502716						156_физический_труд-умственный_труд	-0.1586249612449508	0.00606625385077784	298	1.8077436475317967						149_нищета-состояние	0.13478528571199133	0.008874978453032808	376.0	3.336991898340336																																																																	
136	136											153_прерывание-продолжение	-0.13197812627662928	0.0495384544935744	222.0	10.997536897573516						53_подчинение-неповиновение	0.1585385182638735	0.006094303348881576	298	1.8161023979667097						21_получение_результата-разработка	-0.13458096279166676	0.008979609704770547	376.0	3.376333248993726																																																																	
137	137											46_идея-реализация	0.13172498076947506	0.04998086596610734	222.0	11.095752244475827						190_погода-животное	0.1581765669681902	0.006213017666479556	298	1.851479264610908						299_веселье-грусть	-0.13451984076904092	0.00901112201902132	376.0	3.388181879152016																																																																	
138	138																					143_неважность-значимость	-0.15805186535077054	0.006254395082059211	298	1.863809734453645						7_чужбина-родной_дом	-0.1344868437949745	0.009028174918237387	376.0	3.3945937692572583																																																																	
139	139																					106_кончина-вечное_искусство	0.15788105105526215	0.006311473766518875	298	1.8808191824226248						137_вертикальные_отношения-горизонтальные_отношения	0.1342470250555437	0.009152978383158022	376.0	3.4415198720674165																																																																	
140	140																					168_работа-праздность	-0.15775661521653006	0.006353348009613255	298	1.8932977068647496						199_уют-неуют	-0.13347451973132596	0.009565488099742607	376.0	3.596623525503221																																																																	
141	141																					140_шум-тишина	-0.15745670648479698	0.0064552950792634	298	1.9236779336204932						13_личные_отношения-иерархические_отношения	-0.13344891912693024	0.009579436786262805	376.0	3.601868231634814																																																																	
142	142																					124_сражение-тыл	-0.15684944286034128	0.006666215563796071	298	1.9865322380112287						118_покой-беспокойство	-0.13316882504406932	0.009733232239963028	376.0	3.6596953222260984																																																																	
143	143																					239_радость-недовольство	-0.15681312235770165	0.0066790239348074746	298	1.9903491325726272						73_наука-физический_труд	0.13280630833435106	0.009935536955839784	376.0	3.7357618953957585																																																																	
144	144																					92_жизнь-смерть	-0.15669476636488613	0.006720914869549778	298	2.002832631125834						75_действующее_лицо-зритель	-0.1326702855740783	0.010012402534773986	376.0	3.764663353075018																																																																	
145	145																					259_процесс-итог	-0.15637156329438753	0.006836508847553587	298	2.037279636570969						272_образование-невежество	0.13249778682835894	0.01011063885808172	376.0	3.801600210638727																																																																	
146	146																					283_героизм-малодушие	-0.15586090924927445	0.007022769954098502	298	2.0927854463213538						172_наука-быт	0.13224828183594528	0.01025424181053689	376.0	3.855594920761871																																																																	
147	147																					147_рассудительность-беспокойство	0.15582170592677844	0.00703725504856113	298	2.0971020044712168						195_болезнь-работа	-0.13202173507291715	0.010386194399245792	376.0	3.905209094116418																																																																	
148	148																					30_стихийное_собрание-мероприятия	-0.15562916508787494	0.0071087844588133935	298	2.1184177687263914						234_холодное_отношение-тёплое_отношение	0.1318167113659876	0.010506905753350069	376.0	3.9505965632596256																																																																	
149	149																					73_наука-физический_труд	-0.15545913657376484	0.007172489698014559	298	2.137401930008339						194_контроль-бесконтрольность	-0.13168686756100784	0.010583994958527371	376.0	3.979582104406292																																																																	
150	150																					244_смерть-жизнь	0.15506729516351242	0.00732124768825093	298	2.1817318110987767						251_недостаток-достоинство	0.13080027384069676	0.011123894154804451	376.0	4.182584202206473																																																																	
151	151																					232_проблема-решение_проблем	-0.15489026903689915	0.007389352165064134	298	2.202026945189112						162_история-одномоментное_происшествие	-0.12864924867730518	0.012536253075534612	376.0	4.713631156401013																																																																	
152	152																					228_народ-власть	0.15402874298801805	0.00772893077613169	298	2.3032213712872442						168_работа-праздность	0.12830663405480253	0.012775246983620193	376.0	4.803492865841191																																																																	
153	153																					80_сон-бодрствование	0.15352170649683872	0.007935225340299955	298	2.3646971514093864						241_нападение-оборона	-0.12797486697105187	0.013010492140627166	376.0	4.891945044875816																																																																	
154	154																					186_движение-неподвижность	0.15280078923158658	0.008236986768078275	298	2.4546220568873256						54_реальность-когнитивные_процессы	0.12796518946557325	0.013017411051963386	376.0	4.894546555538233																																																																	
155	155																					296_равенство-иерархия	-0.15256310709699672	0.008338691759302866	298	2.484930144272254						18_уменьшение-расширение	0.12761306612292408	0.013271375565181437	376.0	4.990037212508219																																																																	
156	156																					159_реальная_жизнь-выдуманная_жизнь	0.1525602058167448	0.008339940101410788	298	2.4853021502204142						52_близость-расстояние	-0.1263373008953972	0.014228410710937096	376.0	5.349882427312348																																																																	
157	157																					204_столкновение-мир	0.15246904319576535	0.008379249721611956	298	2.497016417040363						15_древняя_работа-современная_работа	0.12618191611423654	0.014349021553349084	376.0	5.395232104059256																																																																	
158	158																					258_конец-начало	-0.15222124258517733	0.008486936691771809	298	2.529107134148						233_неопределенная_тема-часть_целого	-0.1260367657915692	0.014462498775734285	376.0	5.437899539676089																																																																	
159	159																					136_апатия-взбудораженность	0.15175871736490176	0.008691235192328159	298	2.5899880873137917						220_власть-наука	0.12518137204357074	0.015147382326225946	376.0	5.695415754660956																																																																	
160	160																					6_холодное_отношение-тёплое_отношение	0.1516669884901745	0.008732267807295049	298	2.6022158065739247						87_народ-власть	-0.12496591448821835	0.01532431360029676	376.0	5.761941913711582																																																																	
161	161																					93_учёба-отдых	0.15110072353589749	0.008989407144819082	298	2.6788433291560865						221_получение_денег-отсутствие_денег	-0.12493579093623727	0.015349194545263931	376.0	5.7712971490192375																																																																	
162	162																					13_личные_отношения-иерархические_отношения	-0.15029850043442086	0.009365208249519646	298	2.7908320583568544						271_бюрократия-творчество	0.12479556787184935	0.015465480375014213	376.0	5.815020621005343																																																																	
163	163																					252_современность-древность	0.15028159454665815	0.009373275638562236	298	2.7932361402915458						167_дополнение-устранение	0.12469836326925668	0.0155465438807033	376.0	5.845500499144441																																																																	
164	164																					87_народ-власть	-0.14986877930524153	0.009572192327665818	298	2.8525133136444136						34_духовное_наслаждение-физическое_наслаждение	-0.12449521264437415	0.015717164043969178	376.0	5.9096536805324105																																																																	
165	165																					209_отрицание-утверждение	-0.14970447618944588	0.00965239852129192	298	2.8764147593449914						139_свобода-неволя	0.12446575195978615	0.015742042913563997	376.0	5.919008135500063																																																																	
166	166																					274_единство-разрозренность	-0.1494174332902253	0.00979395254915992	298	2.9185978596496565						43_энергия-покой	0.12417259749052315	0.015991490898510034	376.0	6.012800577839773																																																																	
167	167																					195_болезнь-работа	0.1487451743405782	0.010132700570331492	298	3.0195447699587845						100_труд-отдых	0.12245884902117428	0.017520139135517178	376.0	6.587572314954459																																																																	
168	168																					224_власть-отставка	-0.148255381279903	0.010386000146682126	298	3.0950280437112734						289_недовольство-радость	-0.12221875017510694	0.017744186820323724	376.0	6.6718142444417206																																																																	
169	169																					163_человек-инструмент	0.14804498419620088	0.010496518662281724	298	3.1279625613599538						297_юмор-суровость	0.12219243535020935	0.017768893840952718	376.0	6.681104084198222																																																																	
170	170																					146_разум-чувство	-0.1478369728312219	0.010606805967961005	298	3.1608281784523795						11_приобретение-постоянное_местонахождение	-0.12204882996290865	0.017904254811734025	376.0	6.7319998092119935																																																																	
171	171																					277_неживая_природа-живая_природа	0.14681988787926376	0.011160958416899385	298	3.3259656082360163						277_неживая_природа-живая_природа	0.12198311824997544	0.017966493466904983	376.0	6.755401543556273																																																																	
172	172																					164_устранение-дополнение	0.1466289114973848	0.011267817581466626	298	3.3578096392770544						93_учёба-отдых	-0.1214746799748028	0.018454472468054574	376.0	6.938881647988522																																																																	
173	173																					34_духовное_наслаждение-физическое_наслаждение	0.1465199140844468	0.011329210424272826	298	3.3761047064333023						143_неважность-значимость	0.12143827435733955	0.018489852245778142	376.0	6.9521844444125795																																																																	
174	174																					230_отступление-наступление	0.14647066084917965	0.011357049124556795	298	3.384400639117925						8_застой-работа	-0.12120502522443133	0.018717934799077355	376.0	7.037943484453084																																																																	
175	175																					7_чужбина-родной_дом	0.1460628372694598	0.011589888434879405	298	3.4537867535940627						270_древность-современность	0.12045327026981187	0.01946980163369147	376.0	7.320645414267992																																																																	
176	176																					52_близость-расстояние	0.14499155203410208	0.012221709084241984	298	3.6420693071041113						28_неисправность-отлаженность	0.12038852885975665	0.019535765024403764	376.0	7.345447649175815																																																																	
177	177																					27_труд-фортуна	0.14465096831697136	0.012428842323304422	298	3.7037950123447176						112_профессиональный-любительский	-0.12037024648665652	0.019554427644531528	376.0	7.352464794343853																																																																	
178	178																					97_активность-пассивность	-0.14456112195198498	0.012483997340009158	298	3.720231207322729						247_радостное_событие_грустное_событие	0.12028224952677655	0.019644471974425325	376.0	7.386321462383922																																																																	
179	179																					236_умственный_труд-физический_труд	0.1442710572558501	0.012663537360363231	298	3.7737341333882433						144_физический_труд-искусство	0.11991938116017313	0.02001960384725833	376.0	7.527371046569133																																																																	
180	180																					35_кончина-вечное_искусство	0.14327959395064468	0.0132945053204983	298	3.9617625855084935						37_низ-верх	0.1196732332189346	0.02027760163882375	376.0	7.62437821619773																																																																	
181	181																					197_проблема-решение_проблем	-0.14322707955043024	0.01332868341093665	298	3.9719476564591223						125_разработка-разрушение	0.11907156823276252	0.0209204255744139	376.0	7.866080015979628																																																																	
182	182																					78_популярность-безвестность	0.14300063589995854	0.013476946898871809	298	4.0161301758638						64_человеческое_взаимодействие-механическое_взаимодействие	-0.11886449093732145	0.02114572378892304	376.0	7.950792144635062																																																																	
183	183																					81_религия-наука	-0.14293346558265466	0.01352120445444992	298	4.0293189274260754						41_развлечение-когнитивная-способность	0.1176251303785691	0.0225386306763672	376.0	8.474525134314067																																																																	
184	184																					24_активность-пассивность	-0.14266066089292725	0.0137022674033957	298	4.083275686211919						225_кража-находка	-0.11628087465066896	0.024138556929799555	376.0	9.076097405604633																																																																	
185	185																					12_частное-общее	0.14210941867026994	0.014074645088975287	298	4.194244236514637						265_радость-недовольство	0.11617910686240665	0.02426357829885456	376.0	9.123105440369317																																																																	
186	186																					249_порыв-покой	0.1418607131573542	0.014245540784207937	298	4.245171153693965						124_сражение-тыл	0.115710749226918	0.024846186521055136	376.0	9.34216613191673																																																																	
187	187																					55_армия-гражданская_жизнь	0.14185392001113625	0.014250234075460675	298	4.246569754487282						148_усталость-бодрость	0.11552146412416603	0.0250850471751098	376.0	9.431977737841283																																																																	
188	188																					290_статистика-отсутствие_системы	-0.1409212720215713	0.014907612394564024	298	4.442468493580079						230_отступление-наступление	-0.11440492609145808	0.026534684140969385	376.0	9.977041237004489																																																																	
189	189																					264_безопасность-опасность	0.13986584257882376	0.015683461127071432	298	4.673671415867287						128_неловкость-ловкость	-0.11408191282998875	0.02696727690271469	376.0	10.139696115420724																																																																	
190	190																					119_окончание-процесс	-0.13938381144911288	0.01604940687830986	298	4.782723249736339						16_воля-неволя	0.11386388927228748	0.02726267902359785	376.0	10.250767312872792																																																																	
191	191																					39_целостность-пустота	-0.13902103463812376	0.016329722054370378	298	4.8662571722023715						46_идея-реализация	0.11372272974991493	0.027455417002197825	376.0	10.323236792826384																																																																	
192	192																					161_холодное_отношение-тёплое_отношение	-0.13796297828193307	0.017171859917016072	298	5.117214255270789						284_учеба-производство	-0.11191227572967176	0.030033062130480213	376.0	11.292431361060558																																																																	
193	193																					142_равенство-иерархия	0.13754740719933709	0.01751285069149432	298	5.2188295060653065						12_частное-общее	-0.11161071287807194	0.0304819454053336	376.0	11.46121147240543																																																																	
194	194																					8_застой-работа	0.13714615069079136	0.017847685285723038	298	5.3186102151454655						96_наука-быт	-0.10958978972459243	0.03364074613003987	376.0	12.648920544894992																																																																	
195	195																					114_церковь-мирская_жизнь	0.1368678274743992	0.018083201686897903	298	5.388794102695576						235_процесс-итог	0.10949078931948417	0.03380240148032833	376.0	12.709702956603449																																																																	
196	196																					18_уменьшение-расширение	0.13684365023324346	0.018103787664912475	298	5.394928724143917						268_отдых-работа	-0.1091707893899934	0.03432945421945973	376.0	12.907874786516857																																																																	
197	197																					23_мир-конфликт	-0.1368053121496718	0.01813647290975173	298	5.404668927106013						65_серьёзность-веселье	0.10881636997002796	0.034921344176910896	376.0	13.130425410518493																																																																	
198	198																					11_приобретение-постоянное_местонахождение	0.13605438151077018	0.018787127230984885	298	5.598563914833496						78_популярность-безвестность	-0.10805724483623212	0.036218353841365486	376.0	13.618101044353425																																																																	
199	199																					201_вирус-растение	-0.13590378196418934	0.018920034350832823	298	5.638170236548183						260_быт-искусство	-0.10749813931542718	0.037199571453270165	376.0	13.987038866429579																																																																	
200	200																					211_больница-дом	0.13372505294558132	0.020936315287398182	298	6.239021955644658						217_завоевание-бегство	0.10715195289999392	0.0378183485764738	376.0	14.219699064754147																																																																	
201	201																					40_уклад_жизни-дисциплина	0.1332052852592614	0.02144398649759239	298	6.390307976282532						261_болезнь-здоровье	-0.10705827649076446	0.0379872781857511	376.0	14.283216597842411																																																																	
202	202																					286_начало-конец	-0.1329426864374987	0.0217045047489902	298	6.467942415199079						135_запрет-толчок	-0.10671792732200404	0.038606430319894906	376.0	14.516017800280485																																																																	
203	203																					187_гармония-конфликт	0.13285557982671492	0.021791524441430555	298	6.4938742835463055						255_голод-неопределенная_тема	0.10545761009333496	0.04097404760393372	376.0	15.40624189907908																																																																	
204	204																					245_любовь-ненависть	0.13244618153340934	0.022204572214002585	298	6.6169625197727715						142_равенство-иерархия	-0.10471141854271332	0.04243274696882589	376.0	15.954712860278535																																																																	
205	205																					273_жар-холод	-0.13173161205275305	0.02294175319362771	298	6.836642451701058						152_исчезнование-появление	0.10351495589853596	0.044862870070045635	376.0	16.86843914633716																																																																	
206	206																					128_неловкость-ловкость	0.13167259060741535	0.023003577216347926	298	6.855066010471683						62_жизнь-смерть	0.10332415365362592	0.04526101243236201	376.0	17.018140674568116																																																																	
207	207																					60_восстание-смирение	-0.1313241089955215	0.023371548489010262	298	6.964721449725058						213_обозрение-сокрытие	-0.10135898339314096	0.049537034975654336	376.0	18.625925150846037																																																																	
208	208																					65_серьёзность-веселье	0.13091374127248695	0.023811374835969887	298	7.095789701119026																																																																											
209	209																					237_низшие_слои-высшие_слои	-0.13074377874546989	0.023995619647667804	298	7.1506946550050055																																																																											
210	210																					278_физический_труд-умственный_труд	0.12979440382016658	0.02504755654133833	298	7.464171849318824																																																																											
211	211																					157_отсутствие_чувств-чувства	0.12843253084879527	0.02662579340662684	298	7.934486435174799																																																																											
212	212																					76_мир-война	0.12830818723795193	0.02677405918116039	298	7.978669635985796																																																																											
213	213																					123_отдых-работа	-0.1281076745690233	0.027014642168441117	298	8.050363366195452																																																																											
214	214																					295_прощение-мстительность	0.12770605641284385	0.027502107410713114	298	8.195628008392507																																																																											
215	215																					270_древность-современность	0.12714454330361627	0.02819628933459468	298	8.402494221709214																																																																											
216	216																					279_соблюдение_закона-правонарушение	-0.1263255319676038	0.029235717425236073	298	8.71224379272035																																																																											
217	217																					46_идея-реализация	0.1263149306555384	0.029249384037643718	298	8.716316443217828																																																																											
218	218																					221_получение_денег-отсутствие_денег	-0.12628711103996731	0.029285273523745405	298	8.727011510076133																																																																											
219	219																					77_природные_процессы-военные_процессы	0.12599281024396705	0.029667259107966876	298	8.840843214174129																																																																											
220	220																					165_улучшение-ухудшение	0.12422625166298135	0.03205087622338592	298	9.551161114569004																																																																											
221	221																					9_трудности-отсутствие_проблем	-0.12366919040127153	0.03283560549109175	298	9.78501043634534																																																																											
222	222																					261_болезнь-здоровье	-0.12039432102181175	0.03778728335856454	298	11.260610440852233																																																																											
223	223																					129_успех-беда	0.11944167242506552	0.039341259376089135	298	11.723695294074563																																																																											
224	224																					69_труд-месть	0.11938426471451348	0.03943660360754005	298	11.752107875046935																																																																											
225	225																					223_бытовые_ситуации-глобальные_происшествия	0.11927156064067905	0.03962435323928327	298	11.808057265306413																																																																											
226	226																					233_неопределенная_тема-часть_целого	0.11871231239220505	0.04056718600798232	298	12.089021430378732																																																																											
227	227																					118_покой-беспокойство	-0.1184280580690833	0.04105361677426637	298	12.233977798731376																																																																											
228	228																					98_разрушение-поддержание	-0.1176519952200246	0.0424067533000913	298	12.637212483427207																																																																											
229	229																					235_процесс-итог	0.11760681278345525	0.04248667583234967	298	12.6610293980402																																																																											
230	230																					84_последовательность-разлад	0.11748629164448925	0.04270048405127128	298	12.724744247278842																																																																											
231	231																					285_опасность-безопасность	0.11520302114934028	0.04692520743761888	298	13.983711816410425																																																																											
